source,target,connNo,connType,color,isCable,voltage,current,resistance
=A01+K1.H2-Q1:D2,=A01+K1.B1-K3:14,1,外部连接,,0,0,0,0
=A01+K1.H2-W0:L1,=A01+K1.H2-Q1:T1,2,外部连接,,0,0,0,0
=A01+K1.H2-F0:2,=A01+K1.H2-Q1:L1,3,外部连接,,0,0,0,0
=A01+K1.H2-Q1:L1,=A01+K1.H2-Q2:L1,4,外部连接,,0,0,0,0
=A01+K1.H2-W0:L2,=A01+K1.H2-Q1:T2,5,外部连接,,0,0,0,0
=A01+K1.H2-F0:4,=A01+K1.H2-Q1:L2,6,外部连接,,0,0,0,0
=A01+K1.H2-Q1:L2,=A01+K1.H2-Q2:L2,7,外部连接,,0,0,0,0
=A01+K1.H2-W0:L3,=A01+K1.H2-Q1:T3,8,外部连接,,0,0,0,0
=A01+K1.H2-Q1:L3,=A01+K1.H2-F0:6,9,外部连接,,0,0,0,0
=A01+K1.H2-Q1:L3,=A01+K1.H2-Q2:L3,10,外部连接,,0,0,0,0
=A01+K1.H2-X1:N:2,=A01+K1.H2-X1:N:1,11,外部连接,,0,0,0,0
=A01+K1.H2-X1:N:2,=A02+K1.H2-X5:N:1,12,外部连接,,0,0,0,0
=A01+K1.H2-X1:PE:4,=A02+K1.H2-W20:SE,15,外部连接,,0,0,0,0
=A01+K1.H2-X1:PE:2,=A02+K1.H2-X6:PE:1,17,外部连接,,0,0,0,0
=A01+K1.H2-Q1:3.14,=A01+K1.H2-G1:SEC:31,18,外部连接,,0,0,0,0
=A01+K1.H2-Q1:3.13,=A01+K1.H2-Q1:D1,19,外部连接,,0,0,0,0
=A01+K1.H2-G1:SEC:31,=A01+K1.H2-X1:PE:1,20,外部连接,,0,0,0,0
=A01+K1.H2-X1:PE:1,=A01+K1.H2-G1:PRI:PE,21,外部连接,,0,0,0,0
=A01+K1.H2-Q2:T1,=A01+K1.H2-G1:PRI:1,22,外部连接,,0,0,0,0
=A01+K1.H2-G1:SEC:32,=A02+K1.B1-X20-X20.5F:20,23,外部连接,,0,0,0,0
=A01+K1.H2-Q2:T2,=A01+K1.H2-G1:PRI:2,24,外部连接,,0,0,0,0
=A01+K1.H2-Q2:T3,=A01+K1.H2-X1:5:3,25,外部连接,,0,0,0,0
=A01+K1.H2-X1:5:3,=A01+K1.H2-X1:7:3,26,外部连接,,0,0,0,0
=A01+K1.B1-K3:11,=A01+K1.H2-X1:3:4,27,外部连接,,0,0,0,0
=A01+K1.H2-X1:2:5,=A02+K1.B1-A3:13,28,外部连接,,0,0,0,0
=A01+K1.G2-S1:4,=A01+K1.H2-X1:2:2,29,外部连接,,0,0,0,0
=A01+K1.H2-X1:1:4,=A01+K1.G2-S1:3,30,外部连接,,0,0,0,0
=A01+K1.B1-W7(-P1):P1:1,=A01+K1.H2-X1:1:3,31,外部连接,,0,0,0,0
=A01+K1.G2-S1:2,=A01+K1.H2-X1:3:3,32,外部连接,,0,0,0,0
=A01+K1.G2-S1:1,=A01+K1.H2-X1:4:2,33,外部连接,,0,0,0,0
=A01+K1.H2-X1:4:5,=A02+K1.B1-X20-X20.5F:19,34,外部连接,,0,0,0,0
=A02+K1.B1-X20-X20.5F:18,=A02+K1.B1-A3:14,35,外部连接,,0,0,0,0
=A01+K1.B1-W7(-P1):P1:1,=A02+K1.B1-X20-X20.5M:17,38,外部连接,,0,0,0,0
=A01+K1.H2-X1:5:4,=A01+K1.B1-X20:L,45,外部连接,,0,0,0,0
=A01+K1.H2-X1:6:5,=A01+K1.B1-X20:N,46,外部连接,,0,0,0,0
=A02+K1.H2-X5:N:5,=A01+K1.H2-X1:6:2,47,外部连接,,0,0,0,0
=A01+K1.H2-X1:PE:1,=A01+K1.B1-X20:PE,48,外部连接,,0,0,0,0
=A01+K1.H2-X1:7:4,=A01+K1.E1-E1:L,49,外部连接,,0,0,0,0
=A01+K1.H2-X1:PE:1,=A01+K1.E1-E1:PE,50,外部连接,,0,0,0,0
=A01+K1.H2-X1:8:5,=A01+K1.E1-E1:N,51,外部连接,,0,0,0,0
=A02+K1.H2-X5:N:5,=A01+K1.H2-X1:8:2,52,外部连接,,0,0,0,0
=A01+K1.B1-W7(-P1):P1:1,=A01+K1.H1-G2-L+,53,外部连接,,0,0,0,0
=A01+K1.H2-F1:2,=A01+K1.H1-G2-L,54,外部连接,,0,0,0,0
=A01+K1.H2-X1:9:4,=A01+K1.H2-F1:1,55,外部连接,,0,0,0,0
=P01+K1.G1-E1:X4:L,=A01+K1.H2-X1:9:3,56,外部连接,,0,0,0,0
=A01+K1.H2-X1:10:5,=A01+K1.H1-G2-N,57,外部连接,,0,0,0,0
=P01+K1.G1-E1:X4:N,=A01+K1.H2-X1:10:2,58,外部连接,,0,0,0,0
=A01+K1.H1-G2-L-,=A01+K1.B1-W7(-P2):P2:1,59,外部连接,,0,0,0,0
=A01+K1.H2-X1:PE:1,=A01+K1.H1-G2-PE,60,外部连接,,0,0,0,0
=A02+K1.H2-X6:2:2,=A01+K1.H1-G2-PE:PE,61,外部连接,,0,0,0,0
=A01+K1.H1-G2-L-,=A02+K1.H2-X6:3:1,62,外部连接,,0,0,0,0
=A01+K1.H2-X1:11:4,=A02+K1.B1-A5:1,63,外部连接,,0,0,0,0
=A01+K1.H2-X1:11:3,=A02+K1.H2-Q1:T1,64,外部连接,,0,0,0,0
=A02+K1.H2-Q1:T1,=A02+K1.H1-G2:L1,65,外部连接,,0,0,0,0
=A01+K1.H2-X1:12:5,=A02+K1.B1-A5:2,66,外部连接,,0,0,0,0
=A01+K1.H2-X1:12:2,=A02+K1.H2-Q1:T2,67,外部连接,,0,0,0,0
=A02+K1.H2-Q1:T2,=A02+K1.H1-G2:L2,68,外部连接,,0,0,0,0
=A01+K1.H2-X1:13:4,=A02+K1.B1-A5:3,69,外部连接,,0,0,0,0
=A01+K1.H2-X1:13:3,=A02+K1.H2-Q1:T3,70,外部连接,,0,0,0,0
=A02+K1.H2-Q1:T3,=A02+K1.H1-G2:L3,71,外部连接,,0,0,0,0
=A01+K1.H2-X1:15:4,=A02+K1.B1-A5:4,72,外部连接,,0,0,0,0
=A01+K1.H2-X1:14:5,=A01+K1.H2-X1:15:3,73,外部连接,,0,0,0,0
=A01+K1.H2-X1:16:5,=A02+K1.B1-A5:5,74,外部连接,,0,0,0,0
=A01+K1.H2-T1:-L1i,=A01+K1.H2-X1:16:2,75,外部连接,,0,0,0,0
=A01+K1.H2-T1:-L1k,=A01+K1.H2-T1:-L2k,76,外部连接,,0,0,0,0
=A01+K1.H2-T1:-L2k,=A01+K1.H2-T1:-L3k,77,外部连接,,0,0,0,0
=A01+K1.H2-T1:-L3k,=A01+K1.H2-X1:19:3,78,外部连接,,0,0,0,0
=A01+K1.H2-X1:17:4,=A02+K1.B1-A5:6,79,外部连接,,0,0,0,0
=A01+K1.H2-T1:-L2i,=A01+K1.H2-X1:17:3,80,外部连接,,0,0,0,0
=A01+K1.H2-X1:18:5,=A02+K1.B1-A5:7,81,外部连接,,0,0,0,0
=A01+K1.H2-T1:-L3i,=A01+K1.H2-X1:18:2,82,外部连接,,0,0,0,0
=A01+K1.H2-X1:19:4,=A02+K1.B1-A5:8,83,外部连接,,0,0,0,0
=A01+K1.H2-K1:A2,=A02+K1.B1-W5(-P2):P2:1,84,外部连接,,0,0,0,0
=A02+K1.B1-K20:34,=A01+K1.H2-K1:A1,85,外部连接,,0,0,0,0
=A01+K1.H2-K1:A1,=A01+K1.H2-K1:13,86,外部连接,,0,0,0,0
=F01+K1.B1-K1:64,=A02+K1.B1-K20:33,87,外部连接,,0,0,0,0
=A02+K1.B1-W5(-P1):P1,=F01+K1.B1-K1:63,88,外部连接,,0,0,0,0
=A01+K1.H2-K2:A2,=A02+K1.B1-W5(-P2):P2:1,89,外部连接,,0,0,0,0
=A01+K1.H2-K1:14,=A01+K1.H2-K2:A1,90,外部连接,,0,0,0,0
=A01+K1.H2-K2:44,=Q15+K1.H2-F11:14,91,外部连接,,0,0,0,0
=A01+K1.H2-K2:44,=Q15+K1.H2-F12:13,92,外部连接,,0,0,0,0
=A01+K1.H2-K2:44,=Q15+K1.H2-F13:13,93,外部连接,,0,0,0,0
=A01+K1.H2-K2:44,=Q15+K1.H2-F14:14,94,外部连接,,0,0,0,0
=A01+K1.H2-K2:44,=Q01+K1.H2-Q1:13,95,外部连接,,0,0,0,0
=A01+K1.H2-K1:44,=A01+K1.H2-K2:43,96,外部连接,,0,0,0,0
=A02+K1.B1-W5(-P1):P1:1,=A01+K1.H2-K1:43,97,外部连接,,0,0,0,0
=A01+K1.B1-K3:A2,=A02+K1.B1-W5(-P2):P2:2,98,外部连接,,0,0,0,0
=A02+K1.B1-A1:1,=A01+K1.B1-K3:A1,99,外部连接,,0,0,0,0
=A01+K1.B1-K3:21,=A02+K1.B1-A3:15,100,外部连接,,0,0,0,0
=A01+K1.B1-W7(-P1):P1:2,=A01+K1.B1-K3:22,101,外部连接,,0,0,0,0
=A01+K1.H2-W0:L1,=A02+K1.H2-W1:1L1,102,外部连接,,0,0,0,0
=A01+K1.H2-W0:L2,=A02+K1.H2-W1:1L2,103,外部连接,,0,0,0,0
=A01+K1.H2-W0:L3,=A02+K1.H2-W1:1L3,104,外部连接,,0,0,0,0
=A01+K1.H2-K1:2,=A02+K1.H2-W2:2L1,105,外部连接,,0,0,0,0
=A01+K1.H2-W0:L1,=A01+K1.H2-K1:1,106,外部连接,,0,0,0,0
=A01+K1.H2-K1:4,=A02+K1.H2-W2:2L2,107,外部连接,,0,0,0,0
=A01+K1.H2-W0:L2,=A01+K1.H2-K1:3,108,外部连接,,0,0,0,0
=A01+K1.H2-K1:6,=A02+K1.H2-W2:2L3,109,外部连接,,0,0,0,0
=A01+K1.H2-W0:L3,=A01+K1.H2-K1:5,110,外部连接,,0,0,0,0
=A01+K1.H2-W0:L1,=A02+K1.H2-W3:3L1,111,外部连接,,0,0,0,0
=A01+K1.H2-W0:L2,=A02+K1.H2-W3:3L2,112,外部连接,,0,0,0,0
=A01+K1.H2-W0:L3,=A02+K1.H2-W3:3L3,113,外部连接,,0,0,0,0
=A01+K1.H2-K2:2,=A02+K1.H2-W4:1L1,114,外部连接,,0,0,0,0
=A01+K1.H2-W0:L1,=A01+K1.H2-K2:1,115,外部连接,,0,0,0,0
=A01+K1.H2-K2:4,=A02+K1.H2-W4:1L2,116,外部连接,,0,0,0,0
=A01+K1.H2-W0:L2,=A01+K1.H2-K2:3,117,外部连接,,0,0,0,0
=A01+K1.H2-K2:6,=A02+K1.H2-W4:1L3,118,外部连接,,0,0,0,0
=A01+K1.H2-W0:L3,=A01+K1.H2-K2:5,119,外部连接,,0,0,0,0
=A02+K1.H2-W2:2L3,=A02+K1.H2-W2.1:2L3,120,外部连接,,0,0,0,0
=A02+K1.H2-W2:2L2,=A02+K1.H2-W2.1:2L2,121,外部连接,,0,0,0,0
=A02+K1.H2-W2:2L1,=A02+K1.H2-W2.1:2L1,122,外部连接,,0,0,0,0
=A02+K1.H1-G2:+V,=A02+K1.B1-V1(0):1,123,外部连接,,0,0,0,0
=A02+K1.H2-Q1:L1,=A02+K1.H2-W1:1L1,124,外部连接,,0,0,0,0
=A02+K1.H2-W1:1L2,=A02+K1.H2-Q1:L2,125,外部连接,,0,0,0,0
=A02+K1.H2-W1:1L3,=A02+K1.H2-Q1:L3,126,外部连接,,0,0,0,0
=A02+K1.H1-G2:-V,=A02+K1.B1-W6(-P2):P2:1,127,外部连接,,0,0,0,0
=A02+K1.H2-X6:PE:2,=A02+K1.H1-G2:PE,128,外部连接,,0,0,0,0
=A02+K1.H1-G2:-V',=A02+K1.H2-X6:PE:1,129,外部连接,,0,0,0,0
=A02+K1.H2-F2:2,=A02+K1.B1-X200:L,130,外部连接,,0,0,0,0
=A01+K1.H2-W0:L1,=A02+K1.H2-F2:1,131,外部连接,,0,0,0,0
=A02+K1.H2-X5:2:1,=A02+K1.B1-X200:N,132,外部连接,,0,0,0,0
=A02+K1.H2-X6:4:1,=A02+K1.B1-X200:PE,133,外部连接,,0,0,0,0
=A02+K1.H1-K1:2,=A02+K1.A1-X21:L,134,外部连接,,0,0,0,0
=A02+K1.H1-K1:2,=A02+K1.H1-K1:4,135,外部连接,,0,0,0,0
=A02+K1.H1-K1:4,=A02+K1.H1-K1:6,136,外部连接,,0,0,0,0
=A02+K1.A1-X21:N,=A02+K1.H2-X22:N,137,外部连接,,0,0,0,0
=A02+K1.H2-X22:N,=A02+K1.H2-F3.1:4/3,138,外部连接,,0,0,0,0
=A02+K1.H2-X6:PE:2,=A02+K1.A1-X21:PE,139,外部连接,,0,0,0,0
=A02+K1.H1-K1:3,=A02+K1.H1-K1:5,140,外部连接,,0,0,0,0
=A02+K1.H1-K1:1,=A02+K1.H1-K1:3,141,外部连接,,0,0,0,0
=A02+K1.H1-K1:1,=A02+K1.H2-F3.1:2/1,142,外部连接,,0,0,0,0
=A02+K1.H2-F3.1:2/1,=A02+K1.H2-X22:L,143,外部连接,,0,0,0,0
=A02+K1.H2-F3:2,=A02+K1.H2-F3.1:1/2,144,外部连接,,0,0,0,0
=A01+K1.H2-W0:L2,=A02+K1.H2-F3:1,145,外部连接,,0,0,0,0
=A02+K1.H2-X22:PE,=A02+K1.H2-X6:PE:2,146,外部连接,,0,0,0,0
=A02+K1.H2-F3.1:3/4,=A02+K1.H2-X5:N:1,147,外部连接,,0,0,0,0
=A02+K1.H1-K1:A2,=A02+K1.B1-W5(-P2):P2:1,148,外部连接,,0,0,0,0
=A02+K1.B1-A1:2,=A02+K1.H1-K1:A1,149,外部连接,,0,0,0,0
=A02+K1.E1-S1:14,=A02+K1.B1-X9:2:5,150,外部连接,,0,0,0,0
=A02+K1.B1-X9:1:4,=A02+K1.E1-S1:13,151,外部连接,,0,0,0,0
=A02+K1.H2-F4:2,=A02+K1.B1-X9:1:3,152,外部连接,,0,0,0,0
=A01+K1.H2-W0:L1,=A02+K1.H2-F4:1,153,外部连接,,0,0,0,0
=A02+K1.B1-X9:2:2,=A02+K1.B1-X9:3:3,154,外部连接,,0,0,0,0
=A02+K1.E1-S2:14,=A02+K1.B1-X9:4:5,155,外部连接,,0,0,0,0
=A02+K1.B1-X9:3:4,=A02+K1.E1-S2:13,156,外部连接,,0,0,0,0
=A02+K1.B1-X9:4:2,=A02+K1.B1-X9:5:3,157,外部连接,,0,0,0,0
=A02+K1.E1-S3:14,=A02+K1.B1-X9:6:5,158,外部连接,,0,0,0,0
=A02+K1.B1-X9:5:4,=A02+K1.E1-S3:13,159,外部连接,,0,0,0,0
=A02+K1.B1-X9:6:2,=A02+K1.B1-X9:7:3,160,外部连接,,0,0,0,0
=A02+K1.B1-X9:7:4,=A02+K1.A1-M1:X1:L1,161,外部连接,,0,0,0,0
=A02+K1.A1-M1:X1:N,=A02+K1.B1-X9:8:5,162,外部连接,,0,0,0,0
=A02+K1.A1-M1:X1:PE,=A02+K1.B1-X9:PE:1,163,外部连接,,0,0,0,0
=A02+K1.H2-X5:N:2,=A02+K1.B1-X9:8:2,164,外部连接,,0,0,0,0
=A02+K1.H2-X6:PE:2,=A02+K1.B1-X100:1:1,170,外部连接,,0,0,0,0
=A02+K1.H2-X6:PE:2,=A02+K1.B1-X100:2:1,171,外部连接,,0,0,0,0
=A02+K1.H2-X6:PE:2,=A02+K1.B1-X100:3:1,172,外部连接,,0,0,0,0
=A02+K1.H2-X6:PE:2,=A01+K1.I1-X1:1,173,外部连接,,0,0,0,0
=A02+K1.H2-W20:SE,=A02+K1.H1-W21:SE,175,外部连接,,0,0,0,0
=A02+K1.B1-W22:SE,=A02+K1.H1-W21:SE,176,外部连接,,0,0,0,0
=A02+K1.H1-W21:SE,=A02+K1.H1-W12:SE,177,外部连接,,0,0,0,0
=A02+K1.B1-W10:SE,=A02+K1.B1-W22:SE,178,外部连接,,0,0,0,0
=A02+K1.B1-W9:SE,=A02+K1.B1-W22:SE,179,外部连接,,0,0,0,0
=A02+K1.B1-W11:SE,=A02+K1.B1-W22:SE,180,外部连接,,0,0,0,0
=A02+K1.B1-W5(-P2):P2,=A02+K1.B1-X20-X20.1F:13,182,外部连接,,0,0,0,0
=A02+K1.B1-W5(-P2):P2,=A02+K1.B1-X20-X20.1F:14,184,外部连接,,0,0,0,0
=A02+K1.B1-W5(-P2):P2,=A02+K1.B1-X20-X20.1F:15,186,外部连接,,0,0,0,0
=A02+K1.B1-W5(-P2):P2,=A02+K1.B1-X20-X20.2F:4,188,外部连接,,0,0,0,0
=A02+K1.B1-W5(-P2):P2,=A02+K1.B1-X20-X20.2F:5,190,外部连接,,0,0,0,0
=A02+K1.B1-W5(-P2):P2,=A02+K1.B1-X20-X20.2F:6,192,外部连接,,0,0,0,0
=A02+K1.B1-A1:4,=A02+K1.B1-X20-X20.1F:9,194,外部连接,,0,0,0,0
=A02+K1.B1-A1:5,=A02+K1.B1-X20-X20.1F:10,196,外部连接,,0,0,0,0
=A02+K1.B1-X20-X20.2F:8,=A02+K1.B1-A3:4,197,外部连接,,0,0,0,0
=A02+K1.B1-W5(-P1):X1:3,=A02+K1.B1-X20-X20.2F:7,200,外部连接,,0,0,0,0
=A02+K1.B1-X20-X20.2F:10,=A02+K1.B1-A3:5,201,外部连接,,0,0,0,0
=A02+K1.B1-W5(-P1):X1:3,=A02+K1.B1-X20-X20.2F:9,204,外部连接,,0,0,0,0
=A02+K1.B1-A1:6,=A02+K1.B1-X20-X20.1F:11,206,外部连接,,0,0,0,0
=A02+K1.B1-A1:7,=A02+K1.B1-X20-X20.1F:12,208,外部连接,,0,0,0,0
=A02+K1.B1-X20-X20.2F:12,=A02+K1.B1-A3:6,209,外部连接,,0,0,0,0
=A02+K1.B1-W5(-P1):X1:3,=A02+K1.B1-X20-X20.2F:11,212,外部连接,,0,0,0,0
=A02+K1.B1-X20-X20.2F:14,=A02+K1.B1-A3:7,213,外部连接,,0,0,0,0
=A02+K1.B1-W5(-P1):X1:3,=A02+K1.B1-X20-X20.2F:13,216,外部连接,,0,0,0,0
=A02+K1.B1-A1:8,=A02+K1.B1-X20-X20.1F:16,218,外部连接,,0,0,0,0
=A02+K1.B1-A1:9,=A02+K1.B1-X20-X20.1F:17,220,外部连接,,0,0,0,0
=A02+K1.B1-A1:10,=A02+K1.B1-X20-X20.1F:18,222,外部连接,,0,0,0,0
=A02+K1.B1-A1:11,=A02+K1.B1-X20-X20.1F:19,224,外部连接,,0,0,0,0
=A02+K1.B1-A1:12,=A02+K1.B1-X20-X20.1F:20,226,外部连接,,0,0,0,0
=A02+K1.B1-A1:13,=A02+K1.B1-X20-X20.1F:21,228,外部连接,,0,0,0,0
=A02+K1.B1-A1:14,=A02+K1.B1-X20-X20.1F:22,230,外部连接,,0,0,0,0
=A02+K1.B1-A1:15,=A02+K1.B1-X20-X20.1F:23,232,外部连接,,0,0,0,0
=A02+K1.B1-A1:16,=A02+K1.B1-X20-X20.1F:24,234,外部连接,,0,0,0,0
=A02+K1.B1-A2:1,=A02+K1.B1-X20-X20.2F:1,236,外部连接,,0,0,0,0
=A02+K1.B1-A2:2,=A02+K1.B1-X20-X20.2F:2,238,外部连接,,0,0,0,0
=A02+K1.B1-A2:3,=A02+K1.B1-X20-X20.2F:3,240,外部连接,,0,0,0,0
=A02+K1.B1-A2:4,=A02+K1.B1-X20-X20.2F:15,242,外部连接,,0,0,0,0
=A02+K1.B1-X20-X20.2F:16,=A02+K1.B1-A3:8,243,外部连接,,0,0,0,0
=A02+K1.B1-A4:1,=A02+K1.B1-X20-X20.3F:1,245,外部连接,,0,0,0,0
=A02+K1.B1-X20-X20.3F:2,=A02+K1.B1-A4:2,248,外部连接,,0,0,0,0
=A02+K1.B1-A4:5,=A02+K1.B1-X20-X20.3F:3,249,外部连接,,0,0,0,0
=A02+K1.B1-X20-X20.3F:4,=A02+K1.B1-A4:6,252,外部连接,,0,0,0,0
=A02+K1.B1-X21-X21.2M:11,=A02+K1.B1-X21-X21.2M:12,253,外部连接,,0,0,0,0
=A02+K1.B1-W5(-P1):P1,=A02+K1.B1-X21-X21.2M:12,254,外部连接,,0,0,0,0
=A02+K1.B1-X21-X21.2M:13,=A02+K1.B1-X21-X21.2M:16,259,外部连接,,0,0,0,0
=A02+K1.B1-X21-X21.2M:14,=A02+K1.B1-X21-X21.2M:15,262,外部连接,,0,0,0,0
=A02+K1.B1-X21-X21.2M:15,=A02+K1.B1-K21.1:72,263,外部连接,,0,0,0,0
=A02+K1.B1-X21-X21.2M:17,=A02+K1.B1-W5(-P2):P2,271,外部连接,,0,0,0,0
=A02+K1.B1-K21.1:71,=A02+K1.B1-X21-X21.2M:18,274,外部连接,,0,0,0,0
=A02+K1.B1-X21-X21.2M:19,=A02+K1.B1-W5(-P2):P2,276,外部连接,,0,0,0,0
=A02+K1.B1-W5(-P2):P2:2,=A02+K1.B1-K19:A2,278,外部连接,,0,0,0,0
=A02+K1.B1-W5(-P1):P1:1,=A02+K1.B1-K19:A1,279,外部连接,,0,0,0,0
=A02+K1.B1-X20-X20.2F:17,=A02+K1.B1-K19:S11,280,外部连接,,0,0,0,0
=A02+K1.B1-X20-X20.2F:18,=A02+K1.B1-K19:S21,283,外部连接,,0,0,0,0
=A02+K1.B1-X20-X20.2F:19,=A02+K1.B1-X20-X20.2F:22,286,外部连接,,0,0,0,0
=A02+K1.B1-X20-X20.2F:20,=A02+K1.B1-X20-X20.2F:21,287,外部连接,,0,0,0,0
=A02+K1.B1-K21.1:12,=A02+K1.B1-K22:43,288,外部连接,,0,0,0,0
=A02+K1.B1-K21:12,=A02+K1.B1-K21.1:11,289,外部连接,,0,0,0,0
=A02+K1.B1-K21:11,=A02+K1.B1-K20:12,290,外部连接,,0,0,0,0
=A02+K1.B1-K19:S34,=A02+K1.B1-K20:11,291,外部连接,,0,0,0,0
=A02+K1.B1-X20-X20.2F:23,=A02+K1.B1-K19:S22,296,外部连接,,0,0,0,0
=A02+K1.B1-X20-X20.2F:24,=A02+K1.B1-K19:S12,297,外部连接,,0,0,0,0
=F01+K1.B1-K1:12,=A02+K1.B1-X9:12:5,298,外部连接,,0,0,0,0
=F01+K1.B1-K1:11,=A02+K1.B1-K22:44,299,外部连接,,0,0,0,0
=A02+K1.G2-S2:.4,=A02+K1.B1-X9:12:2,300,外部连接,,0,0,0,0
=A02+K1.B1-X9:11:4,=A02+K1.G2-S2:.3,301,外部连接,,0,0,0,0
=A02+K1.B1-X9:10:5,=A02+K1.B1-X9:11:3,302,外部连接,,0,0,0,0
=A02+K1.G2-S3:12,=A02+K1.B1-X9:10:2,303,外部连接,,0,0,0,0
=A02+K1.B1-X9:9:4,=A02+K1.G2-S3:11,304,外部连接,,0,0,0,0
=A02+K1.B1-W5(-P1):P1:1,=A02+K1.B1-X9:9:3,305,外部连接,,0,0,0,0
=A02+K1.B1-X9:16:5,=A02+K1.B1-W5(-P2):P2:1,306,外部连接,,0,0,0,0
=A02+K1.G2-S2:X2,=A02+K1.B1-X9:16:2,307,外部连接,,0,0,0,0
=A02+K1.B1-X9:15:4,=A02+K1.G2-S2:X1,308,外部连接,,0,0,0,0
=A02+K1.B1-K20:72,=A02+K1.B1-X9:15:3,309,外部连接,,0,0,0,0
=A02+K1.B1-X9:14:5,=A02+K1.B1-K20:71,310,外部连接,,0,0,0,0
=A02+K1.G2-S3:.4,=A02+K1.B1-X9:14:2,311,外部连接,,0,0,0,0
=A02+K1.B1-X9:13:4,=A02+K1.G2-S3:.3,312,外部连接,,0,0,0,0
=A02+K1.B1-W5(-P1):P1:2,=A02+K1.B1-X9:13:3,313,外部连接,,0,0,0,0
=A02+K1.B1-W5(-P2):P2:2,=A02+K1.B1-K20:A2,314,外部连接,,0,0,0,0
=A02+K1.B1-K20,=A02+K1.B1-K20,315,外部连接,,0,0,0,0
=A02+K1.B1-K19:14,=A02+K1.B1-K20:A11,316,外部连接,,0,0,0,0
=A02+K1.B1-K20:A11,=A02+K1.B1-K21:A11,317,外部连接,,0,0,0,0
=A02+K1.B1-K21:A11,=A02+K1.B1-K21.1:A11,318,外部连接,,0,0,0,0
=A02+K1.B1-W5(-P1):P1:1,=A02+K1.B1-K19:13,319,外部连接,,0,0,0,0
=A02+K1.B1-K19:24,=A02+K1.B1-K20:A12,320,外部连接,,0,0,0,0
=A02+K1.B1-K20:A12,=A02+K1.B1-K21:A12,321,外部连接,,0,0,0,0
=A02+K1.B1-K21:A12,=A02+K1.B1-K21.1:A12,322,外部连接,,0,0,0,0
=A02+K1.B1-A3:9,=A02+K1.B1-K21.1:A12,323,外部连接,,0,0,0,0
=A02+K1.B1-W5(-P1):P1:1,=A02+K1.B1-K19:23,324,外部连接,,0,0,0,0
=A02+K1.B1-K21:A2,=A02+K1.B1-W5(-P2):P2:1,325,外部连接,,0,0,0,0
=A02+K1.B1-K21,=A02+K1.B1-K21,326,外部连接,,0,0,0,0
=A02+K1.B1-K21.1:A2,=A02+K1.B1-W5(-P2):P2:1,327,外部连接,,0,0,0,0
=A02+K1.B1-K21.1,=A02+K1.B1-K21.1,328,外部连接,,0,0,0,0
=A02+K1.B1-W5(-P2):P2:2,=A02+K1.B1-K22:A2,329,外部连接,,0,0,0,0
=A02+K1.B1-K22,=A02+K1.B1-K22,330,外部连接,,0,0,0,0
=A01+K1.H2-K1:22,=A02+K1.B1-K22:A11,331,外部连接,,0,0,0,0
=A02+K1.B1-W5(-P1):P1,=A02+K1.B1-X20-X20.3F:15,332,外部连接,,0,0,0,0
=A01+K1.H2-K2:22,=A02+K1.B1-K22:A12,333,外部连接,,0,0,0,0
=A01+K1.H2-K1:21,=A01+K1.H2-K2:21,334,外部连接,,0,0,0,0
=A01+K1.H2-K1:21,=A02+K1.B1-X20-X20.3F:14,335,外部连接,,0,0,0,0
=A02+K1.B1-K22:54,=A02+K1.B1-A3:10,336,外部连接,,0,0,0,0
=A02+K1.B1-W5(-P1):P1:1,=A02+K1.B1-K22:53,337,外部连接,,0,0,0,0
=A02+K1.B1-X9:17:4,=A02+K1.G2-H1:0,338,外部连接,,0,0,0,0
=A02+K1.B1-W5(-P2):P2:1,=A02+K1.B1-X9:17:3,339,外部连接,,0,0,0,0
=A02+K1.B1-X9:18:5,=A02+K1.G2-H1:1,340,外部连接,,0,0,0,0
=A02+K1.B1-A2:5,=A02+K1.B1-X9:18:2,341,外部连接,,0,0,0,0
=A02+K1.B1-X9:19:4,=A02+K1.G2-H1:2,342,外部连接,,0,0,0,0
=A02+K1.B1-A2:6,=A02+K1.B1-X9:19:3,343,外部连接,,0,0,0,0
=A02+K1.B1-X9:20:5,=A02+K1.G2-H1:3,344,外部连接,,0,0,0,0
=A02+K1.B1-A2:7,=A02+K1.B1-X9:20:2,345,外部连接,,0,0,0,0
=A02+K1.B1-X9:21:4,=A02+K1.G2-H1:4,346,外部连接,,0,0,0,0
=A02+K1.B1-A2:8,=A02+K1.B1-X9:21:3,347,外部连接,,0,0,0,0
=A02+K1.B1-X9:PE:1,=A02+K1.G2-H1:PE,348,外部连接,,0,0,0,0
=A02+K1.B1-V1(0):1,=A02+K1.B1-V1:1.1,349,外部连接,,0,0,0,0
=A02+K1.B1-W6(-P2):P2:2,=A02+K1.B1-V1:3.1,350,外部连接,,0,0,0,0
=F01+K1.B1-V1:1.1,=A02+K1.B1-V1:1.1,351,外部连接,,0,0,0,0
=F01+K1.B1-V1:3.2,=A02+K1.B1-V1:3.2,352,外部连接,,0,0,0,0
=O01+K1.B1-V1:1.1,=F01+K1.B1-V1:1.1,353,外部连接,,0,0,0,0
=O01+K1.B1-V1:3.2,=F01+K1.B1-V1:3.2,354,外部连接,,0,0,0,0
=Q01+K1.B1-V1:1.1,=O01+K1.B1-V1:1.1,355,外部连接,,0,0,0,0
=Q01+K1.B1-V1:3.2,=O01+K1.B1-V1:3.2,356,外部连接,,0,0,0,0
=S02+K1.B1-V1:1.1,=Q15+K1.B1-V1:1.1,357,外部连接,,0,0,0,0
=S02+K1.B1-V1:1.1,=V01+K1.B1-V1:1.1,358,外部连接,,0,0,0,0
=S02+K1.B1-V1:3.2,=Q15+K1.B1-V1:3.2,359,外部连接,,0,0,0,0
=S02+K1.B1-V1:3.2,=V01+K1.B1-V1:3.2,360,外部连接,,0,0,0,0
=V01+K1.B1-V2:1.1,=V01+K1.B1-V1:1.1,361,外部连接,,0,0,0,0
=V01+K1.B1-V2:3.2,=V01+K1.B1-V1:3.2,362,外部连接,,0,0,0,0
=A02+K1.B1-V1:2.1,=A02+K1.B1-W5(-P1):X1:9,363,外部连接,,0,0,0,0
=A02+K1.B1-W5(-P2):P2:1,=A02+K1.B1-W6(-P2):P2:2,364,外部连接,,0,0,0,0
=F01+K1.B1-W5(-P1):X1:1,=A02+K1.B1-X20-X20.3F:5,366,外部连接,,0,0,0,0
=F01+K1.B1-W5(-P2):X1:1,=A02+K1.B1-X20-X20.3F:6,368,外部连接,,0,0,0,0
=F01+K1.B1-K1:34,=A02+K1.B1-X20-X20.3F:7,370,外部连接,,0,0,0,0
=F01+K1.B1-W5(-P1):X1:2,=F01+K1.B1-K1:33,371,外部连接,,0,0,0,0
=F01+K1.B1-W5(-P1):X1:3,=A02+K1.B1-X20-X20.3F:8,375,外部连接,,0,0,0,0
=F01+K1.B1-W5(-P2):X1:2,=A02+K1.B1-X20-X20.3F:9,377,外部连接,,0,0,0,0
=F01+K1.B1-K1:54,=A02+K1.B1-X20-X20.3F:10,379,外部连接,,0,0,0,0
=F01+K1.B1-W5(-P1):X1:4,=F01+K1.B1-K1:53,380,外部连接,,0,0,0,0
=V01+K1.B1-A3:13,=A02+K1.B1-X22-X22.3F:4,383,外部连接,,0,0,0,0
=A02+K1.B1-X22-X22.3F:4,=F01+K1.B1-K1:A11,384,外部连接,,0,0,0,0
=F01+K1.B1-K1:A2,=F01+K1.B1-W5(-P2):X1:4,385,外部连接,,0,0,0,0
=F01+K1.B1-K1,=F01+K1.B1-K1,386,外部连接,,0,0,0,0
=V01+K1.B1-A1:9,=A02+K1.B1-K21:33,387,外部连接,,0,0,0,0
=A02+K1.B1-X22-X22.2F:24,=F01+K1.B1-K1:A12,389,外部连接,,0,0,0,0
=V01+K1.B1-A3:14,=A02+K1.B1-X22-X22.2F:24,390,外部连接,,0,0,0,0
=A02+K1.B1-X20-X20.3F:13,=F01+K1.B1-W5(-P2):X1:5,391,外部连接,,0,0,0,0
=F01+K1.B1-K1:24,=A02+K1.B1-X20-X20.3F:11,394,外部连接,,0,0,0,0
=F01+K1.B1-W5(-P1):X1:7,=F01+K1.B1-K1:23,395,外部连接,,0,0,0,0
=F01+K1.B1-V1:2.1,=F01+K1.B1-W5(-P1):X1:9,399,外部连接,,0,0,0,0
=A02+K1.B1-W6(-P2):X1:3,=F01+K1.B1-W5(-P2):X1:9,400,外部连接,,0,0,0,0
=M01+K1.D2-X1:1,=M01+K1.D2-X1:1,402,外部连接,,0,0,0,0
=M01+K1.H1-Z1:L/L1,=M01+K1.H1-U1:L1,403,外部连接,,0,0,0,0
=M01+K1.H2-F2:2,=M01+K1.H1-Z1:L/L1,404,外部连接,,0,0,0,0
=A01+K1.H2-W0:L2,=M01+K1.H2-F2:1,405,外部连接,,0,0,0,0
=M01+K1.H1-Z1:N/L2,=M01+K1.H1-U1:N,406,外部连接,,0,0,0,0
=A02+K1.H2-X5:N:2,=M01+K1.H1-Z1:N/L2,407,外部连接,,0,0,0,0
=A02+K1.H2-X6:PE:2,=M01+K1.H1-Z1:PE,408,外部连接,,0,0,0,0
=M01+K1.H1-Z1:PE,=M01+K1.H1-U1:G,409,外部连接,,0,0,0,0
=M01+K1.H1-U1:P24,=M01+K1.H1-U1:PSC,410,外部连接,,0,0,0,0
=M01+K1.H1-U1:U/T1,=M01+K1.D2-X1:1,413,外部连接,,0,0,0,0
=M01+K1.D2-X1:2,=M01+K1.D2-X1:2,414,外部连接,,0,0,0,0
=M01+K1.H1-U1:V/T2,=M01+K1.D2-X1:2,416,外部连接,,0,0,0,0
=M01+K1.D2-X1:3,=M01+K1.D2-X1:3,417,外部连接,,0,0,0,0
=M01+K1.H1-U1:W/T3,=M01+K1.D2-X1:3,419,外部连接,,0,0,0,0
=M01+K1.D2-X1:PE,=M01+K1.D2-X1:PE,421,外部连接,,0,0,0,0
=M01+K1.H1-U1:G',=M01+K1.D2-X1:PE,422,外部连接,,0,0,0,0
=M01+K1.H1-U1:S5/TH,=A02+K1.B1-X20-X20.3F:16,424,外部连接,,0,0,0,0
=M01+K1.H1-U1:SC,=A02+K1.B1-X20-X20.3F:17,426,外部连接,,0,0,0,0
=A02+K1.B1-W5(-P1):X2:5,=A02+K1.B1-X20-X20.3F:18,427,外部连接,,0,0,0,0
=A02+K1.B1-A3:11,=A02+K1.B1-X20-X20.3F:19,430,外部连接,,0,0,0,0
=A02+K1.B1-X20-X20.3F:20,=A02+K1.B1-W5(-P2):X3:6,432,外部连接,,0,0,0,0
=A02+K1.B1-W5(-P2):X3:8,=A02+K1.B1-X20-X20.3F:21,434,外部连接,,0,0,0,0
=A02+K1.B1-K20:44,=A02+K1.B1-X20-X20.3F:22,436,外部连接,,0,0,0,0
=A02+K1.B1-K20:44,=M01+K1.B1-K10:41,437,外部连接,,0,0,0,0
=M01+K1.B1-K10:41,=M01+K1.B1-K11:41,438,外部连接,,0,0,0,0
=A02+K1.B1-A2:9,=A02+K1.B1-K20:43,439,外部连接,,0,0,0,0
=A02+K1.B1-W5(-P1):X2:7,=M01+K1.B1-K9:42,440,外部连接,,0,0,0,0
=M01+K1.B1-K9:41,=M01+K1.B1-K10:44,441,外部连接,,0,0,0,0
=M01+K1.B1-K10:44,=M01+K1.B1-K11:44,442,外部连接,,0,0,0,0
=A02+K1.B1-W5(-P2):X4:2,=A02+K1.B1-X20-X20.3F:23,444,外部连接,,0,0,0,0
=A02+K1.B1-A2:10,=A02+K1.B1-X20-X20.3F:24,446,外部连接,,0,0,0,0
=M01+K1.B1-K10:A2,=A02+K1.B1-W5(-P2):P2:2,447,外部连接,,0,0,0,0
=M01+K1.B1-K10:A1,=P01+K1.B1-X9:8:5,448,外部连接,,0,0,0,0
=M01+K1.B1-K11:A2,=A02+K1.B1-W5(-P2):P2:2,449,外部连接,,0,0,0,0
=M01+K1.B1-K11:A1,=P01+K1.B1-X9:9:4,450,外部连接,,0,0,0,0
=M01+K1.B1-K9:A2,=A02+K1.B1-W5(-P2):P2:2,451,外部连接,,0,0,0,0
=A02+K1.B1-K20:54,=M01+K1.B1-K9:A1,452,外部连接,,0,0,0,0
=A02+K1.B1-W5(-P1):X3:3,=A02+K1.B1-K20:53,453,外部连接,,0,0,0,0
=M01+K1.B1-K10:11,=M01+K1.H1-U1:S1,454,外部连接,,0,0,0,0
=M01+K1.B1-K10:14,=M01+K1.B1-K11:14,455,外部连接,,0,0,0,0
=M01+K1.B1-K11:14,=M01+K1.B1-K9:12,456,外部连接,,0,0,0,0
=M01+K1.B1-K9:12,=M01+K1.H1-U1:SC',457,外部连接,,0,0,0,0
=M01+K1.B1-K11:11,=M01+K1.H1-U1:S2,458,外部连接,,0,0,0,0
=M01+K1.B1-K9:11,=M01+K1.H1-U1:S6,459,外部连接,,0,0,0,0
=M01+K1.H1-U1:S6,=M01+K1.H1-U1:S7/EB,460,外部连接,,0,0,0,0
=O01+K1.B1-V2:3,=O01+K1.B1-W5(-P2):X1:1,461,外部连接,,0,0,0,0
=O01+K1.B1-A1:9,=O01+K1.B1-V2:1,462,外部连接,,0,0,0,0
=O01+K1.B1-V2:1,=O01+K1.B1-V2:21,463,外部连接,,0,0,0,0
=O01+K1.B1-W5(-P2):X1:2,=A02+K1.B1-X20-X20.4F:18,464,外部连接,,0,0,0,0
=O01+K1.B1-K4:14,=A02+K1.B1-X20-X20.4F:18,465,外部连接,,0,0,0,0
=O01+K1.B1-V2:2,=O01+K1.B1-K4:12,466,外部连接,,0,0,0,0
=O01+K1.B1-K4:11,=A02+K1.B1-X20-X20.4F:17,475,外部连接,,0,0,0,0
=O01+K1.B1-K1:0,=O01+K1.B1-W5(-P2):X1:3,478,外部连接,,0,0,0,0
=O01+K1.B1-K4:A2,=O01+K1.B1-K1:A,479,外部连接,,0,0,0,0
=O01+K1.B1-W5(-P1):X1:2,=A02+K1.B1-X20-X20.4F:21,486,外部连接,,0,0,0,0
=O01+K1.B1-A1:2,=A02+K1.B1-X20-X20.4F:22,489,外部连接,,0,0,0,0
=O01+K1.B1-K1:A2,=O01+K1.B1-W5(-P2):X1:4,491,外部连接,,0,0,0,0
=O01+K1.B1-A1:16,=O01+K1.B1-K1:A1,492,外部连接,,0,0,0,0
=O01+K1.B1-K4:A1,=O01+K1.B1-A1:1,497,外部连接,,0,0,0,0
=O01+K1.B1-A1:1,=A02+K1.B1-X20-X20.4F:20,498,外部连接,,0,0,0,0
=O01+K1.B1-K1:+,=A02+K1.B1-X20-X20.4F:19,499,外部连接,,0,0,0,0
=O01+K1.B1-W5(-P1):X1:1,=A02+K1.B1-X20-X20.4F:19,500,外部连接,,0,0,0,0
=O01+K1.B1-A1:5,=A02+K1.B1-X21-X21.1F:23,501,外部连接,,0,0,0,0
=A02+K1.B1-X21-X21.1F:23,=Q01+K1.B1-A4:6,502,外部连接,,0,0,0,0
=O01+K1.B1-V1:2.1,=O01+K1.B1-W5(-P1):X1:9,503,外部连接,,0,0,0,0
=A02+K1.B1-W6(-P2):X1:4,=O01+K1.B1-W5(-P2):X1:9,504,外部连接,,0,0,0,0
=O01+K1.B1-A2:2,=O01+K1.B1-W5(-P1):X1:6,505,外部连接,,0,0,0,0
=O01+K1.B1-A2:7,=O01+K1.B1-W5(-P2):X1:8,506,外部连接,,0,0,0,0
=P01+K1.G1-E1:X3:L,=O02+K1.G1-D2:L,507,外部连接,,0,0,0,0
=P01+K1.G1-E1:X3:N,=O02+K1.G1-D2:N,508,外部连接,,0,0,0,0
=P01+K1.G1-E1:X3:PE,=O02+K1.G1-D2:PE,509,外部连接,,0,0,0,0
=O02+K1.G1-D2:RJ45,=P01+K1.B1-A0.10:3:3,510,外部连接,,0,0,0,0
=O01+K1.B1-A1:3,=O02+K1.B1-X9:1:4,511,外部连接,,0,0,0,0
=O02+K1.G1-D2-X6:7,=O02+K1.B1-X9:1:3,512,外部连接,,0,0,0,0
=O02+K1.B1-X9:2:5,=O01+K1.B1-W5(-P1):P1:2,513,外部连接,,0,0,0,0
=O02+K1.G1-D2-X6:8,=O02+K1.B1-X9:2:2,514,外部连接,,0,0,0,0
=O02+K1.B1-X9:3:4,=O01+K1.B1-W5(-P2):P2:2,515,外部连接,,0,0,0,0
=O02+K1.G1-D2-X6:9,=O02+K1.B1-X9:3:3,516,外部连接,,0,0,0,0
=O02+K1.G1-D2-X2:.1,=A02+K1.B1-X20-X20.5F:1,522,外部连接,,0,0,0,0
=O02+K1.G1-D2-X2:.2,=A02+K1.B1-X20-X20.5F:2,523,外部连接,,0,0,0,0
=O02+K1.G1-D2-X2:.6,=A02+K1.B1-X20-X20.5F:3,527,外部连接,,0,0,0,0
=O02+K1.G1-D2-X2:.7,=A02+K1.B1-X20-X20.5F:4,528,外部连接,,0,0,0,0
=O02+K1.G1-D2-X2:.4,=A02+K1.B1-X20-X20.5F:5,534,外部连接,,0,0,0,0
=O02+K1.G1-D2-X2:.5,=A02+K1.B1-X20-X20.5F:6,535,外部连接,,0,0,0,0
=O02+K1.G1-D2-X2:.8,=A02+K1.B1-X20-X20.5F:7,539,外部连接,,0,0,0,0
=O02+K1.G1-D2-X2:.9,=A02+K1.B1-X20-X20.5F:8,540,外部连接,,0,0,0,0
=O02+K1.B1-X9:4:5,=O01+K1.B1-W5(-P2):P2:2,541,外部连接,,0,0,0,0
=O02+K1.G1-D2-X5:1,=O02+K1.B1-X9:4:2,542,外部连接,,0,0,0,0
=O02+K1.B1-X9:4:2,=O02+K1.G1-D2-X5:2,543,外部连接,,0,0,0,0
=O02+K1.B1-X9:5:4,=O01+K1.B1-W5(-P1):P1:2,544,外部连接,,0,0,0,0
=O02+K1.G1-D2-X5:4,=O02+K1.B1-X9:5:3,545,外部连接,,0,0,0,0
=O02+K1.B1-X9:5:3,=O02+K1.G1-D2-X5:5,546,外部连接,,0,0,0,0
=O02+K1.G1-D2:X4.4,=O02+K1.H1-A20-X4:3,549,外部连接,,0,0,0,0
=O02+K1.G1-D2:X4.3,=O02+K1.H1-A20-X4:1,550,外部连接,,0,0,0,0
=O02+K1.G1-D2:X4.5,=O02+K1.H1-A20-X4:7,551,外部连接,,0,0,0,0
=O02+K1.G1-D2:X4.1,=O02+K1.H1-A20-X4:5,552,外部连接,,0,0,0,0
=O02+K1.H1-A20-X1:2,=O01+K1.B1-W5(-P1):P1:2,554,外部连接,,0,0,0,0
=O02+K1.H1-A20-X1:4,=O02+K1.B1-O01-W5(-P2):P2:2,555,外部连接,,0,0,0,0
=A02+K1.B1-X20-X20.5F:9,=O02+K1.H1-A20-X2:3,558,外部连接,,0,0,0,0
=A02+K1.B1-X20-X20.5F:10,=O02+K1.H1-A20-X2:2,560,外部连接,,0,0,0,0
=A02+K1.B1-X20-X20.5F:11,=O02+K1.H1-A20-X2:1,562,外部连接,,0,0,0,0
=A02+K1.B1-X20-X20.5F:12,=O02+K1.H1-A20-X2:9,564,外部连接,,0,0,0,0
=A02+K1.B1-X20-X20.5F:13,=O02+K1.H1-A20-X2:7,566,外部连接,,0,0,0,0
=A02+K1.B1-X20-X20.5F:14,=O02+K1.H1-A20-X2:6,568,外部连接,,0,0,0,0
=A02+K1.B1-X20-X20.5F:15,=O02+K1.H1-A20-X2:4,570,外部连接,,0,0,0,0
=A02+K1.B1-X20-X20.5F:16,=O02+K1.H1-A20-X2:5,572,外部连接,,0,0,0,0
=O01+K1.B1-A1:10,=A02+K1.B1-X20-X20.1F:7,577,外部连接,,0,0,0,0
=O01+K1.B1-A1:11,=A02+K1.B1-X20-X20.1F:8,579,外部连接,,0,0,0,0
=O02+K1.H1-A20-X3:5,=O01+K1.B1-W5(-P2):P2:1,580,外部连接,,0,0,0,0
=O02+K1.H1-A20-X3:3,=O01+K1.B1-A2:1,581,外部连接,,0,0,0,0
=O02+K1.H1-A20-X3:1,=O01+K1.B1-A2:5,582,外部连接,,0,0,0,0
=O02+K1.H1-A20-X3:7,=O01+K1.B1-A2:4,583,外部连接,,0,0,0,0
=P01+K1.G1-D1:L,=P01+K1.G1-E1:X1:L,584,外部连接,,0,0,0,0
=P01+K1.G1-E1:X0:L,=A01+K1.B1-X20:L,585,外部连接,,0,0,0,0
=P01+K1.G1-D1:N,=P01+K1.G1-E1:X1:N,586,外部连接,,0,0,0,0
=P01+K1.G1-E1:X0:N,=A01+K1.B1-X20:N,587,外部连接,,0,0,0,0
=P01+K1.G1-D1:PE,=P01+K1.G1-E1:X1:PE,588,外部连接,,0,0,0,0
=P01+K1.G1-E1:X0:PE,=A01+K1.B1-X20:PE,589,外部连接,,0,0,0,0
=P01+K1.G1-D1:USB1,=P01+K1.G1-E1:USB,590,外部连接,,0,0,0,0
=P01+K1.G1-D1:USB3,=P01+K1.G2-X1,591,外部连接,,0,0,0,0
=P01+K1.G2-X1:USB A,=P01+K1.G2-X1,592,外部连接,,0,0,0,0
=P01+K1.G1-D1:MOUSE,=P01+K1.G2-X2,593,外部连接,,0,0,0,0
=P01+K1.G2-X2:USB A,=P01+K1.G2-X2,594,外部连接,,0,0,0,0
=P01+K1.G2-P1:L,=P01+K1.G1-E1:X2:L,595,外部连接,,0,0,0,0
=P01+K1.G2-P1:N,=P01+K1.G1-E1:X2:N,596,外部连接,,0,0,0,0
=P01+K1.G2-P1:PE,=P01+K1.G1-E1:X2:PE,597,外部连接,,0,0,0,0
=P01+K1.G1-D1:RJ45,=P01+K1.B1-A0.10:1:1,599,外部连接,,0,0,0,0
=A02+K1.A1-X21:Ethernet,=P01+K1.G1-D1:RJ45,600,外部连接,,0,0,0,0
=P01+K1.B1-X9:1:4,=P01+K1.H1-D2:+,601,外部连接,,0,0,0,0
=P01+K1.B1-V1:2.1,=P01+K1.B1-X9:1:3,602,外部连接,,0,0,0,0
=A01+K1.B1-W7(-P1):P1:2,=P01+K1.B1-V1:1.1,603,外部连接,,0,0,0,0
=P01+K1.B1-X9:PE:1,=P01+K1.H1-D2:GND,604,外部连接,,0,0,0,0
=P01+K1.B1-X9:2:5,=P01+K1.H1-D2:-,605,外部连接,,0,0,0,0
=P01+K1.B1-X9:2:2,=A01+K1.B1-W7(-P2):P2:2,606,外部连接,,0,0,0,0
=A01+K1.B1-W7(-P2):P2:2,=P01+K1.B1-V1:3.1,607,外部连接,,0,0,0,0
=P01+K1.H1-D2-LAN-A,=P01+K1.G1-D1:RJ45,608,外部连接,,0,0,0,0
=A01+K1.B1-W7(-P1):P1:1,=P01+K1.B1-A0.10:US:1,609,外部连接,,0,0,0,0
=P01+K1.B1-A0.10:US:2,=A01+K1.B1-W7(-P2):P2:1,610,外部连接,,0,0,0,0
=P01+K1.B1-A0.10:2:2,=P01+K1.H1-D2-LAN-A,611,外部连接,,0,0,0,0
=A02+K1.H2-X6:PE:2,=P01+K1.B1-A0.10:US:3,612,外部连接,,0,0,0,0
=P01+K1.B1-A0.0:1,=A02+K1.B1-W5(-P1):X3:5,613,外部连接,,0,0,0,0
=P01+K1.B1-A0.0:5,=A02+K1.B1-W5(-P2):X4:7,614,外部连接,,0,0,0,0
=P01+K1.B1-A0.0:2,=A02+K1.B1-W5(-P1):X3:6,615,外部连接,,0,0,0,0
=P01+K1.B1-A0.0:7,=A02+K1.B1-W5(-P2):X4:8,616,外部连接,,0,0,0,0
=P01+K1.B1-A0.0:EtherCAT IN,=P01+K1.H1-D2-LAN-A,617,外部连接,,0,0,0,0
=P01+K1.B1-A0:EtherCAT IN,=P01+K1.B1-A0.0:EtherCAT OUT,618,外部连接,,0,0,0,0
=F01+K1.D2-X11:1,=F01+K1.D2-X11:1,620,外部连接,,0,0,0,0
=F01+K1.D2-X11:1,=P01+K1.B1-A0.2:EtherCAT X2,621,外部连接,,0,0,0,0
=M01+K1.H1-U1:IN:1-8,=P01+K1.B1-A0.2:EtherCAT X1,622,外部连接,,0,0,0,0
=P01+K1.B1-A0:1,=A01+K1.B1-W7(-P1):X3:5,624,外部连接,,0,0,0,0
=P01+K1.B1-A0:5,=A01+K1.B1-W7(-P2):X4:7,625,外部连接,,0,0,0,0
=P01+K1.B1-A0:2,=A02+K1.B1-W5(-P1):X3:6,626,外部连接,,0,0,0,0
=P01+K1.B1-A0:7,=A02+K1.B1-W5(-P2):X4:8,627,外部连接,,0,0,0,0
=P01+K1.B1-X9:3:4,=A02+K1.B1-W5(-P1):P1,628,外部连接,,0,0,0,0
=P01+K1.B1-X9:4:5,=Q01+K1.B1-X9:33:4,629,外部连接,,0,0,0,0
=P01+K1.B1-X9:5:4,=Q01+K1.B1-X9:41:4,630,外部连接,,0,0,0,0
=P01+K1.B1-X9:7:4,=A02+K1.B1-K21:71,631,外部连接,,0,0,0,0
=A02+K1.B1-K21:72,=A02+K1.B1-A3:12,645,外部连接,,0,0,0,0
=Q01+K1.B1-X20:1:2,=Q01+K1.G1-G1:A,647,外部连接,,0,0,0,0
=Q01+K1.H2-Q1:T1,=Q01+K1.B1-X20:1:1,648,外部连接,,0,0,0,0
=A02+K1.H2-W2:2L1,=Q01+K1.H2-Q1:L1,649,外部连接,,0,0,0,0
=Q01+K1.B1-X20:2:2,=Q01+K1.G1-G1:B,650,外部连接,,0,0,0,0
=Q01+K1.H2-Q1:T2,=Q01+K1.B1-X20:2:1,651,外部连接,,0,0,0,0
=A02+K1.H2-W2:2L2,=Q01+K1.H2-Q1:L2,652,外部连接,,0,0,0,0
=Q01+K1.B1-X20:3:2,=Q01+K1.G1-G1:C,653,外部连接,,0,0,0,0
=Q01+K1.H2-Q1:T3,=Q01+K1.B1-X20:3:1,654,外部连接,,0,0,0,0
=A02+K1.H2-W2:2L3,=Q01+K1.H2-Q1:L3,655,外部连接,,0,0,0,0
=Q01+K1.B1-X20:PE:1,=Q01+K1.G1-G1:PE,656,外部连接,,0,0,0,0
=A02+K1.H2-X6:3:2,=Q01+K1.B1-X20:PE:2,657,外部连接,,0,0,0,0
=Q01+K1.H2-Q1:14,=Q01+K1.B1-A1:1,667,外部连接,,0,0,0,0
=Q01+K1.B1-X9:1:4,=Q01+K1.G1-G1:J2.1,669,外部连接,,0,0,0,0
=Q01+K1.B1-X9:1:3,=Q01+K1.B1-X9:2:2,670,外部连接,,0,0,0,0
=Q01+K1.B1-X9:2:5,=Q01+K1.G1-G1:J2.2,671,外部连接,,0,0,0,0
=Q01+K1.G1-G1:J3.CASE,=A02+K1.B1-W11:SE,672,外部连接,,0,0,0,0
=Q01+K1.B1-A10:7,=Q01+K1.G1-G1:J3.1,673,外部连接,,0,0,0,0
=Q01+K1.B1-A10:8,=Q01+K1.G1-G1:J3.2,674,外部连接,,0,0,0,0
=Q01+K1.B1-A11:3,=Q01+K1.G1-G1:J3.5,675,外部连接,,0,0,0,0
=Q01+K1.B1-A11:4,=Q01+K1.G1-G1:J3.6,676,外部连接,,0,0,0,0
=Q01+K1.B1-A11:7,=Q01+K1.G1-G1:J3.7,677,外部连接,,0,0,0,0
=Q01+K1.B1-A11:8,=Q01+K1.G1-G1:J3.9,678,外部连接,,0,0,0,0
=Q01+K1.B1-W5(-P2):P2:1,=Q01+K1.B1-X9:4:5,679,外部连接,,0,0,0,0
=Q01+K1.G1-G1:J4.CASE,=A02+K1.B1-W9:SE,680,外部连接,,0,0,0,0
=Q01+K1.B1-X9:3:4,=Q01+K1.B1-A1:9,681,外部连接,,0,0,0,0
=Q01+K1.G1-G1:J4.1,=Q01+K1.B1-X9:3:3,682,外部连接,,0,0,0,0
=Q01+K1.G1-G1:J4.2,=Q01+K1.B1-X9:4:2,683,外部连接,,0,0,0,0
=Q01+K1.B1-X9:5:4,=Q01+K1.B1-A1:2,684,外部连接,,0,0,0,0
=Q01+K1.G1-G1:J4.5,=Q01+K1.B1-X9:5:3,685,外部连接,,0,0,0,0
=Q01+K1.B1-X9:6:5,=Q01+K1.B1-W5(-P1):X1:1,686,外部连接,,0,0,0,0
=Q01+K1.G1-G1:J4.6,=Q01+K1.B1-X9:6:2,687,外部连接,,0,0,0,0
=Q01+K1.B1-X9:7:4,=Q01+K1.B1-A1:3,688,外部连接,,0,0,0,0
=Q01+K1.G1-G1:J4.7,=Q01+K1.B1-X9:7:3,689,外部连接,,0,0,0,0
=Q01+K1.B1-X9:8:5,=Q01+K1.B1-W5(-P1):X1:2,690,外部连接,,0,0,0,0
=Q01+K1.G1-G1:J4.8,=Q01+K1.B1-X9:8:2,691,外部连接,,0,0,0,0
=Q01+K1.B1-X9:9:4,=Q01+K1.B1-A1:4,692,外部连接,,0,0,0,0
=Q01+K1.G1-G1:J4.9,=Q01+K1.B1-X9:9:3,693,外部连接,,0,0,0,0
=Q01+K1.B1-X9:10:5,=Q01+K1.B1-W5(-P1):X1:3,694,外部连接,,0,0,0,0
=Q01+K1.G1-G1:J4.10,=Q01+K1.B1-X9:10:2,695,外部连接,,0,0,0,0
=Q01+K1.B1-X9:11:4,=Q01+K1.B1-A1:5,696,外部连接,,0,0,0,0
=Q01+K1.G1-G1:J4.11,=Q01+K1.B1-X9:11:3,697,外部连接,,0,0,0,0
=Q01+K1.B1-X9:12:5,=Q01+K1.B1-W5(-P1):X1:4,698,外部连接,,0,0,0,0
=Q01+K1.G1-G1:J4.12,=Q01+K1.B1-X9:12:2,699,外部连接,,0,0,0,0
=Q01+K1.B1-X9:13:4,=Q01+K1.B1-A1:6,700,外部连接,,0,0,0,0
=Q01+K1.G1-G1:J4.13,=Q01+K1.B1-X9:13:3,701,外部连接,,0,0,0,0
=Q01+K1.B1-X9:14:5,=Q01+K1.B1-W5(-P1):X1:5,702,外部连接,,0,0,0,0
=Q01+K1.G1-G1:J4.14,=Q01+K1.B1-X9:14:2,703,外部连接,,0,0,0,0
=Q01+K1.D2-X1:1,=Q01+K1.D2-X1:1,704,外部连接,,0,0,0,0
=Q01+K1.H2-Q2:T1,=Q01+K1.D2-X1:1,706,外部连接,,0,0,0,0
=A02+K1.H2-W3:3L1,=Q01+K1.H2-Q2:L1,707,外部连接,,0,0,0,0
=Q01+K1.D2-X1:2,=Q01+K1.D2-X1:2,708,外部连接,,0,0,0,0
=Q01+K1.H2-Q2:T2,=Q01+K1.D2-X1:2,710,外部连接,,0,0,0,0
=Q01+K1.H2-Q2:T2,=Q01+K1.D2-X2:2,711,外部连接,,0,0,0,0
=A02+K1.H2-W3:3L2,=Q01+K1.H2-Q2:L2,712,外部连接,,0,0,0,0
=Q01+K1.D2-X1:3,=Q01+K1.D2-X1:3,713,外部连接,,0,0,0,0
=Q01+K1.H2-Q2:T3,=Q01+K1.D2-X2:1,714,外部连接,,0,0,0,0
=A02+K1.H2-W3:3L3,=Q01+K1.H2-Q2:L3,715,外部连接,,0,0,0,0
=Q01+K1.D2-X1:PE,=Q01+K1.D2-X1:PE,717,外部连接,,0,0,0,0
=A02+K1.H2-X6:4:2,=Q01+K1.D2-X1:PE,718,外部连接,,0,0,0,0
=Q01+K1.H2-Q2:14,=Q01+K1.B1-A4:1,723,外部连接,,0,0,0,0
=Q01+K1.H2-Q2:14,=Q01+K1.B1-A7:1,724,外部连接,,0,0,0,0
=Q01+K1.B1-W5(-P1):P1:2,=Q01+K1.H2-Q2:13,725,外部连接,,0,0,0,0
=Q01+K1.B1-A4:9,=A02+K1.B1-X21-X21.1F:1,728,外部连接,,0,0,0,0
=A02+K1.B1-X21-X21.1F:2,=Q01+K1.B1-W5(-P2):P2:2,730,外部连接,,0,0,0,0
=Q01+K1.B1-A4:10,=A02+K1.B1-X21-X21.1F:3,732,外部连接,,0,0,0,0
=A02+K1.B1-X21-X21.1F:4,=Q01+K1.B1-W5(-P2):P2:2,734,外部连接,,0,0,0,0
=Q01+K1.B1-A4:11,=A02+K1.B1-X21-X21.1F:5,736,外部连接,,0,0,0,0
=A02+K1.B1-X21-X21.1F:6,=Q01+K1.B1-W5(-P2):P2:2,738,外部连接,,0,0,0,0
=Q01+K1.B1-A4:2,=A02+K1.B1-X21-X21.1F:7,740,外部连接,,0,0,0,0
=Q01+K1.B1-A4:3,=A02+K1.B1-X21-X21.1F:8,742,外部连接,,0,0,0,0
=A02+K1.B1-X21-X21.1F:9,=Q01+K1.B1-W5(-P1):P1,744,外部连接,,0,0,0,0
=Q01+K1.B1-A3:1,=A02+K1.B1-X21-X21.1F:10,746,外部连接,,0,0,0,0
=Q01+K1.B1-A3:2,=A02+K1.B1-X21-X21.1F:11,748,外部连接,,0,0,0,0
=Q01+K1.B1-A3:5,=A02+K1.B1-X21-X21.1F:12,750,外部连接,,0,0,0,0
=Q01+K1.B1-A3:6,=A02+K1.B1-X21-X21.1F:13,752,外部连接,,0,0,0,0
=Q01+K1.B1-A2:1,=A02+K1.B1-X21-X21.1F:14,754,外部连接,,0,0,0,0
=Q01+K1.B1-A2:2,=A02+K1.B1-X21-X21.1F:15,756,外部连接,,0,0,0,0
=Q01+K1.B1-A2:5,=A02+K1.B1-X21-X21.1F:16,758,外部连接,,0,0,0,0
=Q01+K1.B1-A2:6,=A02+K1.B1-X21-X21.1F:17,760,外部连接,,0,0,0,0
=Q01+K1.H1-G2:-,=Q01+K1.B1-X9:16:2,763,外部连接,,0,0,0,0
=Q01+K1.B1-X9:16:2,=Q01+K1.B1-X9:36:2,764,外部连接,,0,0,0,0
=Q01+K1.H2-Q3:T1,=Q01+K1.H1-G2:L1,765,外部连接,,0,0,0,0
=A02+K1.H2-W3:3L1,=Q01+K1.H2-Q3:L1,766,外部连接,,0,0,0,0
=Q01+K1.H1-G2:+,=Q01+K1.B1-X9:15:3,767,外部连接,,0,0,0,0
=Q01+K1.B1-X9:15:3,=Q01+K1.B1-X9:35:3,768,外部连接,,0,0,0,0
=Q01+K1.H2-Q3:T2,=Q01+K1.H1-G2:L2,769,外部连接,,0,0,0,0
=A02+K1.H2-W3:3L2,=Q01+K1.H2-Q3:L2,770,外部连接,,0,0,0,0
=Q01+K1.H2-Q3:T3,=Q01+K1.H1-G2:L3,771,外部连接,,0,0,0,0
=A02+K1.H2-W3:3L3,=Q01+K1.H2-Q3:L3,772,外部连接,,0,0,0,0
=Q01+K1.H1-G2:-,=A02+K1.H2-X6:PE:1,773,外部连接,,0,0,0,0
=Q01+K1.B1-X9:PE:1,=Q01+K1.H1-G2:PE,774,外部连接,,0,0,0,0
=Q01+K1.H2-Q3:14,=Q01+K1.B1-A4:4,775,外部连接,,0,0,0,0
=Q01+K1.H2-Q3:14,=Q01+K1.B1-A7:4,776,外部连接,,0,0,0,0
=Q01+K1.B1-W5(-P1):P1:1,=Q01+K1.H2-Q3:13,777,外部连接,,0,0,0,0
=Q01+K1.B1-X9:15:4,=Q01+K1.G1-N2:X0.+24V,780,外部连接,,0,0,0,0
=Q01+K1.B1-X9:16:5,=Q01+K1.G1-N2:X0.GND,782,外部连接,,0,0,0,0
=Q01+K1.B1-X9:PE:1,=Q01+K1.G1-N2:X0.PE,784,外部连接,,0,0,0,0
=Q01+K1.G1-N2:X3A.1,=A02+K1.B1-X21-X21.1F:18,787,外部连接,,0,0,0,0
=Q01+K1.G1-N2:X3A.2,=A02+K1.B1-X21-X21.1F:19,788,外部连接,,0,0,0,0
=Q01+K1.G1-N2:X3B.2,=A02+K1.B1-X21-X21.1F:20,789,外部连接,,0,0,0,0
=Q01+K1.G1-N2:X3B.1,=A02+K1.B1-X21-X21.1F:21,790,外部连接,,0,0,0,0
=Q01+K1.B1-A5:1,=Q01+K1.G1-N2:X1.9,791,外部连接,,0,0,0,0
=Q01+K1.B1-A5:3,=Q01+K1.G1-N2:X1.10,792,外部连接,,0,0,0,0
=Q01+K1.B1-A5:5,=Q01+K1.G1-N2:X1.11,793,外部连接,,0,0,0,0
=Q01+K1.B1-A5:7,=Q01+K1.G1-N2:X1.12,794,外部连接,,0,0,0,0
=A02+K1.B1-W11:SE,=Q01+K1.G1-N2:X1.CASE,795,外部连接,,0,0,0,0
=Q01+K1.B1-X9:17:4,=Q01+K1.G1-N2:X2.E+,796,外部连接,,0,0,0,0
=Q01+K1.B1-A4:12,=Q01+K1.B1-X9:17:3,797,外部连接,,0,0,0,0
=Q01+K1.B1-X9:18:5,=Q01+K1.G1-N2:X2.E-,798,外部连接,,0,0,0,0
=Q01+K1.B1-W5(-P2):P2:2,=Q01+K1.B1-X9:18:2,799,外部连接,,0,0,0,0
=Q01+K1.B1-X9:19:4,=Q01+K1.G1-N2:X2.NO,800,内部触点常开,,0,0,0,0
=Q01+K1.B1-A4:5,=Q01+K1.B1-X9:19:3,801,外部连接,,0,0,0,0
=Q01+K1.B1-X9:20:5,=Q01+K1.G1-N2:X2.COM,802,外部连接,,0,0,0,0
=Q01+K1.B1-W5(-P1):P1:1,=Q01+K1.B1-X9:20:2,803,外部连接,,0,0,0,0
=Q01+K1.B1-A13:1,=Q01+K1.B1-X9:21:4,806,外部连接,,0,0,0,0
=Q01+K1.G2-X1:2,=Q01+K1.B1-X9:21:3,807,外部连接,,0,0,0,0
=Q01+K1.B1-A13:4,=Q01+K1.B1-X9:22:5,808,外部连接,,0,0,0,0
=Q01+K1.G2-X1:3,=Q01+K1.B1-X9:22:2,809,外部连接,,0,0,0,0
=Q01+K1.B1-A13:5,=Q01+K1.B1-X9:23:4,810,外部连接,,0,0,0,0
=Q01+K1.G2-X1:4,=Q01+K1.B1-X9:23:3,811,外部连接,,0,0,0,0
=Q01+K1.B1-A13:8,=Q01+K1.B1-X9:24:5,812,外部连接,,0,0,0,0
=Q01+K1.G2-X1:5,=Q01+K1.B1-X9:24:2,813,外部连接,,0,0,0,0
=Q01+K1.B1-W5(-P1):P1:2,=Q01+K1.B1-X9:25:4,814,外部连接,,0,0,0,0
=Q01+K1.G2-X1:6,=Q01+K1.B1-X9:25:3,815,外部连接,,0,0,0,0
=Q01+K1.B1-X9:26:5,=A02+K1.B1-W11:SE,816,外部连接,,0,0,0,0
=Q01+K1.G2-X1:8,=Q01+K1.B1-X9:26:2,817,外部连接,,0,0,0,0
=Q01+K1.B1-X9:27:4,=Q01+K1.B1-X9:30:5,818,外部连接,,0,0,0,0
=Q01+K1.B1-X9:30:5,=Q01+K1.B1-G4:5,819,外部连接,,0,0,0,0
=Q01+K1.G2-X1:9,=Q01+K1.B1-X9:27:3,820,外部连接,,0,0,0,0
=Q01+K1.B1-X9:28:5,=Q01+K1.B1-A12:1,821,外部连接,,0,0,0,0
=Q01+K1.G2-X1:10,=Q01+K1.B1-X9:28:2,822,外部连接,,0,0,0,0
=Q01+K1.B1-X9:29:4,=Q01+K1.B1-A12:3,823,外部连接,,0,0,0,0
=Q01+K1.B1-X9:29:4,=Q01+K1.B1-X9:32:5,824,外部连接,,0,0,0,0
=Q01+K1.G2-X1:11,=Q01+K1.B1-X9:29:3,825,外部连接,,0,0,0,0
=Q01+K1.G2-X1:12,=Q01+K1.B1-X9:30:2,826,外部连接,,0,0,0,0
=Q01+K1.B1-X9:31:4,=Q01+K1.B1-A12:5,827,外部连接,,0,0,0,0
=Q01+K1.G2-X1:13,=Q01+K1.B1-X9:31:3,828,外部连接,,0,0,0,0
=Q01+K1.B1-X9:32:5,=Q01+K1.B1-G4:6,829,外部连接,,0,0,0,0
=Q01+K1.B1-X9:32:5,=Q01+K1.B1-A12:7,830,外部连接,,0,0,0,0
=Q01+K1.G2-X1:14,=Q01+K1.B1-X9:32:2,831,外部连接,,0,0,0,0
=Q01+K1.B1-G4:8,=Q01+K1.B1-W5(-P2):P2:1,832,外部连接,,0,0,0,0
=Q01+K1.B1-G4:7,=Q01+K1.B1-W5(-P1):P1:2,833,外部连接,,0,0,0,0
=Q01+K1.B1-A6:14,=Q01+K1.B1-K5:12,834,外部连接,,0,0,0,0
=Q01+K1.B1-K5:11,=A02+K1.B1-X21-X21.2F:1,836,外部连接,,0,0,0,0
=Q01+K1.B1-W5(-P2):P2:2,=Q01+K1.B1-K5:A2,838,外部连接,,0,0,0,0
=Q01+K1.B1-A6:4,=Q01+K1.B1-K5:A1,839,外部连接,,0,0,0,0
=Q01+K1.B1-W5(-P2):P2:1,=Q01+K1.B1-K4:A2,840,外部连接,,0,0,0,0
=Q01+K1.B1-W5(-P2):P2,=A02+K1.B1-X21-X21.2F:4,843,外部连接,,0,0,0,0
=Q01+K1.B1-K4:11,=A02+K1.B1-X21-X21.2F:5,845,外部连接,,0,0,0,0
=Q01+K1.B1-W5(-P1):P1:1,=A02+K1.B1-K20:23,846,外部连接,,0,0,0,0
=Q01+K1.B1-W5(-P1):P1:2,=Q01+K1.B1-X9:34:2,848,外部连接,,0,0,0,0
=Q01+K1.B1-K5:14,=A02+K1.B1-X21-X21.2F:2,854,外部连接,,0,0,0,0
=Q01+K1.B1-K5:14,=Q01+K1.B1-A6:15,855,外部连接,,0,0,0,0
=Q01+K1.B1-K4:A1,=Q01+K1.B1-A6:5,856,外部连接,,0,0,0,0
=Q01+K1.B1-R1:1,=Q01+K1.B1-K4:A1,857,外部连接,,0,0,0,0
=Q01+K1.B1-R1:2,=A02+K1.B1-X21-X21.2F:3,858,外部连接,,0,0,0,0
=Q01+K1.B1-A6:9,=A02+K1.B1-X21-X21.2F:3,859,外部连接,,0,0,0,0
=A02+K1.B1-K20:24,=Q01+K1.B1-K4:14,862,外部连接,,0,0,0,0
=Q01+K1.B1-K4:14,=Q01+K1.B1-X9:33:3,863,外部连接,,0,0,0,0
=Q01+K1.B1-A6:10,=Q01+K1.B1-X9:33:3,864,外部连接,,0,0,0,0
=A02+K1.B1-X21-X21.2F:6,=Q01+K1.B1-W5(-P2):P2,866,外部连接,,0,0,0,0
=A02+K1.B1-X21-X21.2F:7,=Q01+K1.B1-W5(-P1):P1,868,外部连接,,0,0,0,0
=Q01+K1.B1-A6:2,=A02+K1.B1-X21-X21.2F:8,870,外部连接,,0,0,0,0
=Q01+K1.B1-A6:1,=A02+K1.B1-X21-X21.2F:9,872,外部连接,,0,0,0,0
=Q01+K1.B1-A6:3,=A02+K1.B1-X21-X21.2F:10,874,外部连接,,0,0,0,0
=A02+K1.B1-X20-X20.1F:1,=Q01+K1.B1-A4:13,878,外部连接,,0,0,0,0
=A02+K1.B1-X20-X20.1F:2,=Q01+K1.B1-A4:14,880,外部连接,,0,0,0,0
=A02+K1.B1-X21-X21.1F:22,=Q01+K1.B1-W5(-P1):X3:3,881,外部连接,,0,0,0,0
=A02+K1.B1-X21-X21.1F:24,=Q01+K1.B1-W5(-P2):X3:1,884,外部连接,,0,0,0,0
=Q01+K1.D2-X2:1,=Q01+K1.D2-X2:1,886,外部连接,,0,0,0,0
=Q01+K1.D2-X2:2,=Q01+K1.D2-X2:2,888,外部连接,,0,0,0,0
=Q01+K1.D2-X2:3,=Q01+K1.D2-X2:3,890,外部连接,,0,0,0,0
=Q01+K1.D2-X2:PE,=Q01+K1.D2-X2:PE,892,外部连接,,0,0,0,0
=A02+K1.H2-X6:PE:2,=Q01+K1.D2-X2:PE,893,外部连接,,0,0,0,0
=Q01+K1.B1-A7:9,=A02+K1.B1-X21-X21.3F:1,904,外部连接,,0,0,0,0
=A02+K1.B1-X21-X21.3F:2,=Q01+K1.B1-W5(-P2):P2:2,906,外部连接,,0,0,0,0
=Q01+K1.B1-A7:10,=A02+K1.B1-X21-X21.3F:3,908,外部连接,,0,0,0,0
=A02+K1.B1-X21-X21.3F:4,=Q01+K1.B1-W5(-P2):P2:2,910,外部连接,,0,0,0,0
=Q01+K1.B1-A7:11,=A02+K1.B1-X21-X21.3F:5,912,外部连接,,0,0,0,0
=A02+K1.B1-X21-X21.3F:6,=Q01+K1.B1-W5(-P2):P2:2,914,外部连接,,0,0,0,0
=Q01+K1.B1-A7:2,=A02+K1.B1-X21-X21.3F:7,916,外部连接,,0,0,0,0
=Q01+K1.B1-A7:3,=A02+K1.B1-X21-X21.3F:8,918,外部连接,,0,0,0,0
=Q01+K1.B1-W5(-P1):P1:1,=A02+K1.B1-X21-X21.3F:9,920,外部连接,,0,0,0,0
=Q01+K1.B1-A3:3,=A02+K1.B1-X21-X21.3F:10,923,外部连接,,0,0,0,0
=Q01+K1.B1-A3:4,=A02+K1.B1-X21-X21.3F:11,925,外部连接,,0,0,0,0
=Q01+K1.B1-A3:7,=A02+K1.B1-X21-X21.3F:12,927,外部连接,,0,0,0,0
=Q01+K1.B1-A3:8,=A02+K1.B1-X21-X21.3F:13,929,外部连接,,0,0,0,0
=Q01+K1.B1-A2:3,=A02+K1.B1-X21-X21.3F:14,931,外部连接,,0,0,0,0
=Q01+K1.B1-A2:4,=A02+K1.B1-X21-X21.3F:15,933,外部连接,,0,0,0,0
=Q01+K1.B1-A2:7,=A02+K1.B1-X21-X21.3F:16,935,外部连接,,0,0,0,0
=Q01+K1.B1-A2:8,=A02+K1.B1-X21-X21.3F:17,937,外部连接,,0,0,0,0
=Q01+K1.G1-N5:X3A.1,=A02+K1.B1-X21-X21.3F:18,946,外部连接,,0,0,0,0
=Q01+K1.B1-X9:35:4,=Q01+K1.G1-N5:X0.+24V,947,外部连接,,0,0,0,0
=Q01+K1.G1-N5:X3A.2,=A02+K1.B1-X21-X21.3F:19,948,外部连接,,0,0,0,0
=Q01+K1.B1-X9:36:5,=Q01+K1.G1-N5:X0.GND,949,外部连接,,0,0,0,0
=Q01+K1.G1-N5:X3B.2,=A02+K1.B1-X21-X21.3F:20,950,外部连接,,0,0,0,0
=Q01+K1.B1-X9:PE:1,=Q01+K1.G1-N5:X0.PE,951,外部连接,,0,0,0,0
=Q01+K1.G1-N5:X3B.1,=A02+K1.B1-X21-X21.3F:21,952,外部连接,,0,0,0,0
=Q01+K1.B1-A8:1,=Q01+K1.G1-N5:X1.9,953,外部连接,,0,0,0,0
=Q01+K1.B1-X9:37:4,=Q01+K1.G1-N5:X2.E+,955,外部连接,,0,0,0,0
=Q01+K1.B1-A7:12,=Q01+K1.B1-X9:37:3,956,外部连接,,0,0,0,0
=Q01+K1.B1-W5(-P2):P2:2,=Q01+K1.B1-X9:38:2,957,外部连接,,0,0,0,0
=Q01+K1.B1-A7:5,=Q01+K1.B1-X9:39:3,958,外部连接,,0,0,0,0
=Q01+K1.B1-W5(-P1):P1:1,=Q01+K1.B1-X9:40:2,959,外部连接,,0,0,0,0
=Q01+K1.B1-A8:3,=Q01+K1.G1-N5:X1.10,962,外部连接,,0,0,0,0
=Q01+K1.B1-A8:5,=Q01+K1.G1-N5:X1.11,963,外部连接,,0,0,0,0
=Q01+K1.B1-A8:7,=Q01+K1.G1-N5:X1.12,964,外部连接,,0,0,0,0
=Q01+K1.B1-X9:38:5,=Q01+K1.G1-N5:X2.E-,966,外部连接,,0,0,0,0
=Q01+K1.B1-X9:39:4,=Q01+K1.G1-N5:X2.NO,967,内部触点常开,,0,0,0,0
=Q01+K1.B1-X9:40:5,=Q01+K1.G1-N5:X2.COM,968,外部连接,,0,0,0,0
=Q01+K1.B1-A9:14,=Q01+K1.B1-K7:12,969,外部连接,,0,0,0,0
=Q01+K1.B1-K7:11,=A02+K1.B1-X21-X21.4F:1,971,外部连接,,0,0,0,0
=Q01+K1.B1-K7:A2,=Q01+K1.B1-W5(-P2):P2:1,973,外部连接,,0,0,0,0
=Q01+K1.B1-A9:4,=Q01+K1.B1-K7:A1,974,外部连接,,0,0,0,0
=Q01+K1.B1-K6:A2,=Q01+K1.B1-W5(-P2):P2:1,975,外部连接,,0,0,0,0
=Q01+K1.B1-W5(-P2):P2,=A02+K1.B1-X21-X21.4F:4,978,外部连接,,0,0,0,0
=Q01+K1.B1-K6:11,=A02+K1.B1-X21-X21.4F:5,980,外部连接,,0,0,0,0
=Q01+K1.B1-W5(-P1):P1,=A02+K1.B1-K20:63,981,外部连接,,0,0,0,0
=Q01+K1.B1-W5(-P1):P1:1,=Q01+K1.B1-X9:42:2,983,外部连接,,0,0,0,0
=Q01+K1.B1-K7:14,=A02+K1.B1-X21-X21.4F:2,991,外部连接,,0,0,0,0
=Q01+K1.B1-K7:14,=Q01+K1.B1-A9:15,992,外部连接,,0,0,0,0
=Q01+K1.B1-A9:5,=Q01+K1.B1-K6:A1,993,外部连接,,0,0,0,0
=Q01+K1.B1-K6:A1,=Q01+K1.B1-R11:2,994,外部连接,,0,0,0,0
=Q01+K1.B1-R11:1,=A02+K1.B1-X21-X21.4F:3,995,外部连接,,0,0,0,0
=Q01+K1.B1-A9:9,=A02+K1.B1-X21-X21.4F:3,996,外部连接,,0,0,0,0
=A02+K1.B1-K20:64,=Q01+K1.B1-K6:14,999,外部连接,,0,0,0,0
=Q01+K1.B1-K6:14,=Q01+K1.B1-X9:41:3,1000,外部连接,,0,0,0,0
=Q01+K1.B1-A9:10,=Q01+K1.B1-X9:41:3,1001,外部连接,,0,0,0,0
=Q01+K1.B1-W5(-P2):P2,=A02+K1.B1-X21-X21.4F:6,1003,外部连接,,0,0,0,0
=Q01+K1.B1-W5(-P1):P1,=A02+K1.B1-X21-X21.4F:7,1005,外部连接,,0,0,0,0
=Q01+K1.B1-A9:2,=A02+K1.B1-X21-X21.4F:8,1007,外部连接,,0,0,0,0
=Q01+K1.B1-A9:1,=A02+K1.B1-X21-X21.4F:9,1009,外部连接,,0,0,0,0
=Q01+K1.B1-A9:3,=A02+K1.B1-X21-X21.4F:10,1011,外部连接,,0,0,0,0
=Q01+K1.B1-A7:13,=A02+K1.B1-X20-X20.1F:3,1016,外部连接,,0,0,0,0
=Q01+K1.B1-A7:14,=A02+K1.B1-X20-X20.1F:4,1018,外部连接,,0,0,0,0
=A02+K1.B1-X21-X21.3F:22,=Q01+K1.B1-W5(-P1):X3:3,1019,外部连接,,0,0,0,0
=A02+K1.B1-X21-X21.3F:23,=Q01+K1.B1-A7:6,1021,外部连接,,0,0,0,0
=A02+K1.B1-X21-X21.3F:24,=Q01+K1.B1-W5(-P2):X3:1,1023,外部连接,,0,0,0,0
=Q01+K1.B1-V1:2.1,=Q01+K1.B1-W5(-P1):X1:9,1025,外部连接,,0,0,0,0
=A02+K1.B1-W6(-P2):X1:5,=Q01+K1.B1-W5(-P2):X1:9,1026,外部连接,,0,0,0,0
=Q15+K1.B1-X20:1:4,=Q15+K1.G1-G1:X2.L,1027,外部连接,,0,0,0,0
=Q15+K1.H2-F11:2,=Q15+K1.B1-X20:1:3,1028,外部连接,,0,0,0,0
=A02+K1.H2-W2.1:2L1,=Q15+K1.H2-F11:1,1029,外部连接,,0,0,0,0
=Q15+K1.B1-X20:2:5,=Q15+K1.G1-G1:X2.N,1030,外部连接,,0,0,0,0
=A02+K1.H2-X5:N:2,=Q15+K1.B1-X20:2:2,1031,外部连接,,0,0,0,0
=Q15+K1.B1-X20:PE:1,=Q15+K1.G1-G1:X2.PE,1032,外部连接,,0,0,0,0
=A02+K1.H2-X6:PE:2,=Q15+K1.G1-G1:PE,1033,外部连接,,0,0,0,0
=Q15+K1.H2-F11:11,=Q15+K1.B1-A2:1,1034,外部连接,,0,0,0,0
=Q15+K1.B1-A2:2,=Q15+K1.B1-K1:11,1035,外部连接,,0,0,0,0
=Q15+K1.B1-K1:11,=Q15+K1.B1-R1:2,1036,外部连接,,0,0,0,0
=Q15+K1.B1-A21:X1:4,=Q15+K1.G1-G1:4,1037,外部连接,,0,0,0,0
=Q15+K1.B1-R1:1,=Q15+K1.B1-A21:X2:4,1038,外部连接,,0,0,0,0
=Q15+K1.B1-W5(-P1):P1:1,=Q15+K1.B1-K1:14,1039,外部连接,,0,0,0,0
=Q15+K1.B1-K1:A1,=Q15+K1.B1-A1:1,1040,外部连接,,0,0,0,0
=Q15+K1.B1-A21:X1:17,=Q15+K1.G1-G1:17,1041,外部连接,,0,0,0,0
=Q15+K1.B1-A21:X1:5,=Q15+K1.G1-G1:5,1042,外部连接,,0,0,0,0
=Q15+K1.B1-A21:X1:18,=Q15+K1.G1-G1:18,1043,外部连接,,0,0,0,0
=Q15+K1.B1-A21:X1:2,=Q15+K1.G1-G1:2,1044,外部连接,,0,0,0,0
=Q15+K1.B1-A21:X1:15,=Q15+K1.G1-G1:15,1045,外部连接,,0,0,0,0
=Q15+K1.B1-A21:X1:3,=Q15+K1.G1-G1:3,1046,外部连接,,0,0,0,0
=Q15+K1.B1-A21:X1:10,=Q15+K1.G1-G1:10,1048,外部连接,,0,0,0,0
=Q15+K1.B1-A21:X2:10,=Q15+K1.B1-A21:X2:23,1049,外部连接,,0,0,0,0
=Q15+K1.B1-A21:X1:23,=Q15+K1.G1-G1:23,1050,外部连接,,0,0,0,0
=Q15+K1.B1-A21:X2:17,=Q15+K1.B1-K1:A2,1054,外部连接,,0,0,0,0
=Q15+K1.B1-W5(-P2):P2:2,=Q15+K1.B1-A21:X2:17,1055,外部连接,,0,0,0,0
=Q15+K1.B1-A3:1,=Q15+K1.B1-A21:X2:5,1056,外部连接,,0,0,0,0
=Q15+K1.B1-A3:2,=Q15+K1.B1-A21:X2:18,1057,外部连接,,0,0,0,0
=Q15+K1.B1-A4:1,=Q15+K1.B1-A21:X2:2,1058,外部连接,,0,0,0,0
=Q15+K1.B1-A4:2,=Q15+K1.B1-A21:X2:15,1059,外部连接,,0,0,0,0
=Q15+K1.B1-A4:5,=Q15+K1.B1-A21:X2:3,1060,外部连接,,0,0,0,0
=Q15+K1.B1-A21:X1:16,=Q15+K1.G1-G1:16,1061,外部连接,,0,0,0,0
=Q15+K1.B1-A21:X2:16,=Q15+K1.B1-A4:6,1062,外部连接,,0,0,0,0
=Q15+K1.B1-X20:3:4,=Q15+K1.G1-G2:X2.L,1063,外部连接,,0,0,0,0
=Q15+K1.H2-F12:2,=Q15+K1.B1-X20:3:3,1064,外部连接,,0,0,0,0
=A02+K1.H2-W2.1:2L2,=Q15+K1.H2-F12:1,1065,外部连接,,0,0,0,0
=Q15+K1.B1-X20:4:5,=Q15+K1.G1-G2:X2.N,1066,外部连接,,0,0,0,0
=A02+K1.H2-X5:N:2,=Q15+K1.B1-X20:4:2,1067,外部连接,,0,0,0,0
=Q15+K1.B1-X20:PE:1,=Q15+K1.G1-G2:X2.PE,1068,外部连接,,0,0,0,0
=A02+K1.H2-X6:PE:2,=Q15+K1.G1-G2:PE,1069,外部连接,,0,0,0,0
=Q15+K1.H2-F12:14,=Q15+K1.B1-A2:3,1070,外部连接,,0,0,0,0
=Q15+K1.B1-A2:3,=Q15+K1.B1-A2:4,1071,外部连接,,0,0,0,0
=Q15+K1.B1-W5(-P2):P2:1,=Q15+K1.B1-K22:A2,1072,外部连接,,0,0,0,0
=Q15+K1.B1-K22:A1,=Q15+K1.B1-A1:2,1073,外部连接,,0,0,0,0
=Q15+K1.B1-W5(-P1):P1:1,=Q15+K1.B1-K22:12,1074,外部连接,,0,0,0,0
=Q15+K1.B1-A22:X1:8,=Q15+K1.G1-G2:REMOTE I/O:8,1075,外部连接,,0,0,0,0
=Q15+K1.B1-K22:11,=Q15+K1.B1-A22:X2:8,1076,外部连接,,0,0,0,0
=Q15+K1.B1-W5(-P2):P2:1,=Q15+K1.B1-K2:A2,1077,外部连接,,0,0,0,0
=Q15+K1.B1-K2:A1,=Q15+K1.B1-A1:3,1078,外部连接,,0,0,0,0
=Q15+K1.B1-A22:X1:14,=Q15+K1.G1-G2:REMOTE I/O:14,1079,外部连接,,0,0,0,0
=Q15+K1.B1-A22:X2:14,=Q15+K1.B1-K2:11,1080,外部连接,,0,0,0,0
=Q15+K1.B1-K2:14,=Q15+K1.B1-A22:X2:13,1081,外部连接,,0,0,0,0
=Q15+K1.B1-A22:X1:13,=Q15+K1.G1-G2:REMOTE I/O:13,1082,外部连接,,0,0,0,0
=Q15+K1.B1-A22:X1:6,=Q15+K1.G1-G2:REMOTE I/O:6,1084,外部连接,,0,0,0,0
=Q15+K1.B1-A22:X1:7,=Q15+K1.G1-G2:REMOTE I/O:7,1085,外部连接,,0,0,0,0
=Q15+K1.B1-A22:X1:18,=Q15+K1.G1-G2:REMOTE I/O:18,1086,外部连接,,0,0,0,0
=Q15+K1.B1-A22:X1:19,=Q15+K1.G1-G2:REMOTE I/O:19,1087,外部连接,,0,0,0,0
=Q15+K1.B1-A22:X1:5,=Q15+K1.G1-G2:REMOTE I/O:5,1088,外部连接,,0,0,0,0
=Q15+K1.B1-A22:X1:4,=Q15+K1.G1-G2:REMOTE I/O:4,1089,外部连接,,0,0,0,0
=Q15+K1.B1-A22:X1:17,=Q15+K1.G1-G2:REMOTE I/O:17,1090,外部连接,,0,0,0,0
=Q15+K1.B1-A22:X1:16,=Q15+K1.G1-G2:REMOTE I/O:16,1091,外部连接,,0,0,0,0
=Q15+K1.B1-A22:X1:11,=Q15+K1.G1-G2:REMOTE I/O:11,1092,外部连接,,0,0,0,0
=Q15+K1.B1-A3:3,=Q15+K1.B1-A22:X2:6,1096,外部连接,,0,0,0,0
=Q15+K1.B1-A3:4,=Q15+K1.B1-A22:X2:7,1097,外部连接,,0,0,0,0
=Q15+K1.B1-A4:3,=Q15+K1.B1-A22:X2:18,1098,外部连接,,0,0,0,0
=Q15+K1.B1-A4:4,=Q15+K1.B1-A22:X2:19,1099,外部连接,,0,0,0,0
=Q15+K1.B1-A3:7,=Q15+K1.B1-A22:X2:5,1100,外部连接,,0,0,0,0
=Q15+K1.B1-A22:X2:4,=Q15+K1.B1-A3:8,1101,外部连接,,0,0,0,0
=Q15+K1.B1-A22:X2:17,=Q15+K1.B1-A4:7,1102,外部连接,,0,0,0,0
=Q15+K1.B1-A22:X2:16,=Q15+K1.B1-A4:8,1103,外部连接,,0,0,0,0
=Q15+K1.B1-X20:5:4,=Q15+K1.G1-G3:X2.L,1104,外部连接,,0,0,0,0
=Q15+K1.H2-F13:2,=Q15+K1.B1-X20:5:3,1105,外部连接,,0,0,0,0
=A02+K1.H2-W2.1:2L3,=Q15+K1.H2-F13:1,1106,外部连接,,0,0,0,0
=Q15+K1.B1-X20:6:5,=Q15+K1.G1-G3:X2.N,1107,外部连接,,0,0,0,0
=A02+K1.H2-X5:N:2,=Q15+K1.B1-X20:6:2,1108,外部连接,,0,0,0,0
=Q15+K1.B1-X20:PE:1,=Q15+K1.G1-G3:X2.PE,1109,外部连接,,0,0,0,0
=A02+K1.H2-X6:PE:2,=Q15+K1.G1-G3:PE,1110,外部连接,,0,0,0,0
=Q15+K1.H2-F13:14,=Q15+K1.B1-A2:5,1111,外部连接,,0,0,0,0
=Q15+K1.B1-A2:5,=Q15+K1.B1-A2:6,1112,外部连接,,0,0,0,0
=Q15+K1.B1-W5(-P2):P2:1,=Q15+K1.B1-K23:A2,1113,外部连接,,0,0,0,0
=Q15+K1.B1-K23:A1,=Q15+K1.B1-A1:4,1114,外部连接,,0,0,0,0
=Q15+K1.B1-W5(-P1):P1:1,=Q15+K1.B1-K23:12,1115,外部连接,,0,0,0,0
=Q15+K1.B1-A23:X1:8,=Q15+K1.G1-G3:8,1116,外部连接,,0,0,0,0
=Q15+K1.B1-A23:X2:8,=Q15+K1.B1-K23:11,1117,外部连接,,0,0,0,0
=Q15+K1.B1-A23:X1:14,=Q15+K1.G1-G3:14,1118,外部连接,,0,0,0,0
=Q15+K1.B1-K3:11,=Q15+K1.B1-A23:X2:14,1119,外部连接,,0,0,0,0
=Q15+K1.B1-K3:14,=Q15+K1.B1-A23:X2:13,1120,外部连接,,0,0,0,0
=Q15+K1.B1-W5(-P2):P2:1,=Q15+K1.B1-K3:A2,1121,外部连接,,0,0,0,0
=Q15+K1.B1-K3:A1,=Q15+K1.B1-A1:5,1122,外部连接,,0,0,0,0
=Q15+K1.B1-A23:X1:13,=Q15+K1.G1-G3:13,1123,外部连接,,0,0,0,0
=Q15+K1.B1-A23:X1:6,=Q15+K1.G1-G3:6,1125,外部连接,,0,0,0,0
=Q15+K1.B1-A23:X1:7,=Q15+K1.G1-G3:7,1126,外部连接,,0,0,0,0
=Q15+K1.B1-A23:X1:18,=Q15+K1.G1-G3:18,1127,外部连接,,0,0,0,0
=Q15+K1.B1-A23:X1:19,=Q15+K1.G1-G3:19,1128,外部连接,,0,0,0,0
=Q15+K1.B1-A23:X1:5,=Q15+K1.G1-G3:5,1129,外部连接,,0,0,0,0
=Q15+K1.B1-A23:X1:4,=Q15+K1.G1-G3:4,1130,外部连接,,0,0,0,0
=Q15+K1.B1-A23:X1:17,=Q15+K1.G1-G3:17,1131,外部连接,,0,0,0,0
=Q15+K1.B1-A23:X1:16,=Q15+K1.G1-G3:16,1132,外部连接,,0,0,0,0
=Q15+K1.B1-A23:X1:11,=Q15+K1.G1-G3:11,1133,外部连接,,0,0,0,0
=Q15+K1.B1-A5:1,=Q15+K1.B1-A23:X2:6,1137,外部连接,,0,0,0,0
=Q15+K1.B1-A5:2,=Q15+K1.B1-A23:X2:7,1138,外部连接,,0,0,0,0
=Q15+K1.B1-A6:1,=Q15+K1.B1-A23:X2:18,1139,外部连接,,0,0,0,0
=Q15+K1.B1-A6:2,=Q15+K1.B1-A23:X2:19,1140,外部连接,,0,0,0,0
=Q15+K1.B1-A5:5,=Q15+K1.B1-A23:X2:5,1141,外部连接,,0,0,0,0
=Q15+K1.B1-A23:X2:4,=Q15+K1.B1-A5:6,1142,外部连接,,0,0,0,0
=Q15+K1.B1-A6:5,=Q15+K1.B1-A23:X2:17,1143,外部连接,,0,0,0,0
=Q15+K1.B1-A23:X2:16,=Q15+K1.B1-A6:6,1144,外部连接,,0,0,0,0
=Q15+K1.B1-X20:7:4,=Q15+K1.G1-G4:X2.L,1145,外部连接,,0,0,0,0
=Q15+K1.H2-F14:2,=Q15+K1.B1-X20:7:3,1146,外部连接,,0,0,0,0
=A02+K1.H2-W2.1:2L1,=Q15+K1.H2-F14:1,1147,外部连接,,0,0,0,0
=Q15+K1.B1-X20:8:5,=Q15+K1.G1-G4:X2.N,1148,外部连接,,0,0,0,0
=A02+K1.H2-X5:N:1,=Q15+K1.B1-X20:8:2,1149,外部连接,,0,0,0,0
=Q15+K1.B1-X20:PE:1,=Q15+K1.G1-G4:X2.PE,1150,外部连接,,0,0,0,0
=A02+K1.H2-X6:PE:2,=Q15+K1.G1-G4:PE,1151,外部连接,,0,0,0,0
=Q15+K1.B1-A2:7,=Q15+K1.H2-F14:11,1152,外部连接,,0,0,0,0
=Q15+K1.B1-V2:2.1,=A02+K1.B1-X21-X21.6F:1,1154,外部连接,,0,0,0,0
=Q15+K1.B1-W5(-P1):P1:1,=Q15+K1.B1-V2:1.1,1155,外部连接,,0,0,0,0
=A02+K1.B1-X21-X21.6F:2,=Q15+K1.B1-V2:3.2,1157,外部连接,,0,0,0,0
=Q15+K1.B1-W5(-P2):P2:2,=Q15+K1.B1-V2:3.1,1158,外部连接,,0,0,0,0
=Q15+K1.B1-A24:X1:4,=Q15+K1.G1-G4:4,1161,外部连接,,0,0,0,0
=Q15+K1.B1-A24:X2:4,=Q15+K1.B1-R4:1,1162,外部连接,,0,0,0,0
=Q15+K1.B1-K4:11,=Q15+K1.B1-R4:2,1163,外部连接,,0,0,0,0
=Q15+K1.B1-W5(-P1):P1:1,=Q15+K1.B1-K4:14,1164,外部连接,,0,0,0,0
=Q15+K1.B1-K4:A1,=Q15+K1.B1-A1:6,1165,外部连接,,0,0,0,0
=Q15+K1.B1-A24:X1:17,=Q15+K1.G1-G4:17,1166,外部连接,,0,0,0,0
=Q15+K1.B1-A24:X1:5,=Q15+K1.G1-G4:5,1167,外部连接,,0,0,0,0
=Q15+K1.B1-A24:X1:18,=Q15+K1.G1-G4:18,1168,外部连接,,0,0,0,0
=Q15+K1.B1-A24:X1:2,=Q15+K1.G1-G4:2,1169,外部连接,,0,0,0,0
=Q15+K1.B1-A24:X1:15,=Q15+K1.G1-G4:15,1170,外部连接,,0,0,0,0
=Q15+K1.B1-A24:X1:16,=Q15+K1.G1-G4:16,1171,外部连接,,0,0,0,0
=Q15+K1.B1-A24:X1:10,=Q15+K1.G1-G4:10,1172,外部连接,,0,0,0,0
=Q15+K1.B1-A24:X2:10,=Q15+K1.B1-A24:X2:23,1173,外部连接,,0,0,0,0
=Q15+K1.B1-A24:X1:23,=Q15+K1.G1-G4:23,1174,外部连接,,0,0,0,0
=Q15+K1.G1-G4:CASE,=A02+K1.B1-W9:SE,1175,外部连接,,0,0,0,0
=Q15+K1.B1-A24:X2:17,=Q15+K1.B1-K4:A2,1177,外部连接,,0,0,0,0
=Q15+K1.B1-W5(-P2):P2:2,=Q15+K1.B1-A24:X2:17,1178,外部连接,,0,0,0,0
=Q15+K1.B1-A5:3,=Q15+K1.B1-A24:X2:5,1179,外部连接,,0,0,0,0
=Q15+K1.B1-A5:4,=Q15+K1.B1-A24:X2:18,1180,外部连接,,0,0,0,0
=Q15+K1.B1-A6:3,=Q15+K1.B1-A24:X2:2,1181,外部连接,,0,0,0,0
=Q15+K1.B1-A6:4,=Q15+K1.B1-A24:X2:15,1182,外部连接,,0,0,0,0
=Q15+K1.B1-A24:X1:3,=Q15+K1.G1-G4:3,1183,外部连接,,0,0,0,0
=Q15+K1.B1-A6:7,=Q15+K1.B1-A24:X2:3,1184,外部连接,,0,0,0,0
=Q15+K1.B1-A6:8,=Q15+K1.B1-A24:X2:16,1185,外部连接,,0,0,0,0
=Q15+K1.B1-X20:9:4,=Q15+K1.G1-G5:L,1187,外部连接,,0,0,0,0
=Q15+K1.H2-F15:2,=Q15+K1.B1-X20:9:3,1188,外部连接,,0,0,0,0
=A02+K1.H2-W2.1:2L2,=Q15+K1.H2-F15:1,1189,外部连接,,0,0,0,0
=Q15+K1.B1-X20:10:5,=Q15+K1.G1-G5:N,1190,外部连接,,0,0,0,0
=A02+K1.H2-X5:8:2,=Q15+K1.B1-X20:10:2,1191,外部连接,,0,0,0,0
=Q15+K1.B1-X20:PE:1,=Q15+K1.G1-G5:PE,1192,外部连接,,0,0,0,0
=Q15+K1.G1-G5:INTL.1,=Q15+K1.G1-G5:INTL.2,1194,外部连接,,0,0,0,0
=Q15+K1.H2-F15:11,=Q15+K1.B1-A2:15,1195,外部连接,,0,0,0,0
=Q15+K1.B1-A25:X1.1,=Q15+K1.G1-G5:ANALOG.1,1196,外部连接,,0,0,0,0
=Q15+K1.B1-U1:.10,=Q15+K1.B1-A25:X2.1,1197,外部连接,,0,0,0,0
=Q15+K1.B1-A1:16,=Q15+K1.B1-U1:.1,1198,外部连接,,0,0,0,0
=Q15+K1.B1-A25:X1.2,=Q15+K1.G1-G5:ANALOG.2,1199,外部连接,,0,0,0,0
=Q15+K1.B1-U1:.11,=Q15+K1.B1-A25:X2.2,1200,外部连接,,0,0,0,0
=Q15+K1.B1-A1:15,=Q15+K1.B1-U1:.2,1201,外部连接,,0,0,0,0
=Q15+K1.B1-A25:X1.3,=Q15+K1.G1-G5:ANALOG.3,1202,外部连接,,0,0,0,0
=Q15+K1.B1-U1:.12,=Q15+K1.B1-A25:X2.3,1203,外部连接,,0,0,0,0
=Q15+K1.B1-U1:.12,=Q15+K1.B1-W5(-P2):P2:6,1204,外部连接,,0,0,0,0
=Q15+K1.B1-W5(-P2):P2:6,=Q15+K1.B1-U1:.3,1205,外部连接,,0,0,0,0
=Q15+K1.B1-U1:.3,=Q15+K1.B1-U1:.6,1206,外部连接,,0,0,0,0
=Q15+K1.B1-W5(-P1):P1:5,=Q15+K1.B1-U1:.9,1207,外部连接,,0,0,0,0
=Q15+K1.B1-A25:X1.5,=Q15+K1.G1-G5:ANALOG.5,1208,外部连接,,0,0,0,0
=Q15+K1.G1-G5:ANALOG.18,=Q15+K1.B1-A25:X1.18,1209,外部连接,,0,0,0,0
=Q15+K1.B1-U2:.1,=Q15+K1.B1-A25:X2.18,1210,外部连接,,0,0,0,0
=Q15+K1.B1-A2:16,=Q15+K1.B1-U2:.10,1211,外部连接,,0,0,0,0
=Q15+K1.B1-A25:X1.6,=Q15+K1.G1-G5:ANALOG.6,1212,外部连接,,0,0,0,0
=Q15+K1.B1-U2:.3,=Q15+K1.B1-A25:X2.6,1213,外部连接,,0,0,0,0
=Q15+K1.B1-U2:.3,=Q15+K1.B1-W5(-P2):P2:7,1214,外部连接,,0,0,0,0
=Q15+K1.B1-W5(-P2):P2:7,=Q15+K1.B1-U2:.12,1215,外部连接,,0,0,0,0
=Q15+K1.B1-U2:.12,=Q15+K1.B1-U2:.6,1216,外部连接,,0,0,0,0
=Q15+K1.B1-W5(-P1):P1:6,=Q15+K1.B1-U2:.9,1217,外部连接,,0,0,0,0
=Q15+K1.G1-G5:ANALOG.13,=Q15+K1.B1-A25:X1.13,1218,外部连接,,0,0,0,0
=Q15+K1.G1-G5:ANALOG.15,=Q15+K1.B1-A25:X1.15,1219,外部连接,,0,0,0,0
=Q15+K1.B1-A25:X1.7,=Q15+K1.G1-G5:ANA.7,1220,外部连接,,0,0,0,0
=Q15+K1.G1-G5:ANA.11,=Q15+K1.B1-A25:X1.11,1221,外部连接,,0,0,0,0
=Q15+K1.G1-G5:ANA.19,=Q15+K1.B1-A25:X1.19,1222,外部连接,,0,0,0,0
=Q15+K1.G1-G5:ANA.21,=Q15+K1.B1-A25:X1.21,1223,外部连接,,0,0,0,0
=Q15+K1.G1-G5:ANA.14,=Q15+K1.B1-A25:X1.14,1224,外部连接,,0,0,0,0
=Q15+K1.G1-G5:ANA.16,=Q15+K1.B1-A25:X1.16,1225,外部连接,,0,0,0,0
=Q15+K1.G1-G5:ANA.23,=Q15+K1.B1-A25:X1.23,1226,外部连接,,0,0,0,0
=Q15+K1.G1-G5:ANA.24,=Q15+K1.B1-A25:X1.24,1227,外部连接,,0,0,0,0
=Q15+K1.B1-A8:1,=Q15+K1.B1-A25:X2.7,1230,外部连接,,0,0,0,0
=Q15+K1.B1-A8,=Q15+K1.B1-A25:X2.11,1231,外部连接,,0,0,0,0
=Q15+K1.B1-A8:5,=Q15+K1.B1-A25:X2.19,1232,外部连接,,0,0,0,0
=Q15+K1.B1-A8,=Q15+K1.B1-A25:X2.21,1233,外部连接,,0,0,0,0
=Q15+K1.B1-A7:1,=Q15+K1.B1-A25:X2.14,1234,外部连接,,0,0,0,0
=Q15+K1.B1-A7,=Q15+K1.B1-A25:X2.16,1235,外部连接,,0,0,0,0
=Q15+K1.B1-A7:5,=Q15+K1.B1-A25:X2.23,1236,外部连接,,0,0,0,0
=Q15+K1.B1-A7,=Q15+K1.B1-A25:X2.24,1237,外部连接,,0,0,0,0
=Q15+K1.B1-A1:11,=Q15+K1.B1-X21:1:4,1248,外部连接,,0,0,0,0
=Q15+K1.B1-W5(-P2):P2:1,=Q15+K1.B1-X21:2:5,1249,外部连接,,0,0,0,0
=Q15+K1.B1-X21:4:4,=Q15+K1.G1-G2:2,1258,外部连接,,0,0,0,0
=Q15+K1.G1-G3:1,=Q15+K1.B1-X21:3:5,1261,外部连接,,0,0,0,0
=Q15+K1.B1-X21:3:5,=Q15+K1.G1-G2:1,1262,外部连接,,0,0,0,0
=Q15+K1.B1-A1:12,=A02+K1.B1-X20-X20.1F:5,1286,外部连接,,0,0,0,0
=Q15+K1.B1-A1:13,=A02+K1.B1-X20-X20.1F:6,1288,外部连接,,0,0,0,0
=A02+K1.B1-X21-X21.6F:5,=Q15+K1.B1-W5(-P2):P2:2,1289,外部连接,,0,0,0,0
=Q15+K1.B1-A1:14,=A02+K1.B1-X21-X21.6F:4,1292,外部连接,,0,0,0,0
=Q15+K1.B1-V1:2.1,=Q15+K1.B1-W5(-P1):X1:9,1294,外部连接,,0,0,0,0
=A02+K1.B1-W6(-P2):X1:6,=Q15+K1.B1-W5(-P2):X1:9,1295,外部连接,,0,0,0,0
=S02+K1.H2-Q1:2,=S02+K1.H1-V1.1:1,1296,外部连接,,0,0,0,0
=S02+K1.H2-Q1:1,=A02+K1.H2-W4:4L1,1297,外部连接,,0,0,0,0
=S02+K1.H2-Q1:4,=S02+K1.H1-V1.2:1,1298,外部连接,,0,0,0,0
=S02+K1.H2-Q1:3,=A02+K1.H2-W4:4L2,1299,外部连接,,0,0,0,0
=S02+K1.H2-Q1:6,=S02+K1.H1-V1.3:1,1300,外部连接,,0,0,0,0
=A02+K1.H2-W4:4L3,=S02+K1.H2-Q1:5,1301,外部连接,,0,0,0,0
=S02+K1.H2-Q2:2,=S02+K1.H1-V2.1:1,1302,外部连接,,0,0,0,0
=S02+K1.H2-Q2:1,=A02+K1.H2-W4:4L1,1303,外部连接,,0,0,0,0
=S02+K1.H2-Q2:4,=S02+K1.H1-V2.2:1,1304,外部连接,,0,0,0,0
=S02+K1.H2-Q2:3,=A02+K1.H2-W4:4L2,1305,外部连接,,0,0,0,0
=S02+K1.H2-Q2:6,=S02+K1.H1-V2.3:1,1306,外部连接,,0,0,0,0
=A02+K1.H2-W4:4L3,=S02+K1.H2-Q2:5,1307,外部连接,,0,0,0,0
=S02+K1.H2-Q1:14,=S02+K1.B1-A1:1,1308,外部连接,,0,0,0,0
=S02+K1.B1-W5(-P1):P1:2,=S02+K1.H2-Q1:13,1309,外部连接,,0,0,0,0
=S02+K1.H2-Q2:14,=S02+K1.B1-A1:5,1310,外部连接,,0,0,0,0
=S02+K1.B1-W5(-P1):P1:1,=S02+K1.H2-Q2:13,1311,外部连接,,0,0,0,0
=A02+K1.H2-X6:13,=S02+K1.H1-V1.1:PE,1312,外部连接,,0,0,0,0
=S02+K1.H1-V1.1:A2,=S02+K1.B1-W5(-P2):P2:2,1313,外部连接,,0,0,0,0
=S02+K1.H1-V1.1:A1,=S02+K1.B1-A1:10,1314,外部连接,,0,0,0,0
=A02+K1.H2-X6:14,=S02+K1.H1-V1.2:PE,1315,外部连接,,0,0,0,0
=S02+K1.H1-V1.2:A2,=S02+K1.B1-W5(-P2):P2:2,1316,外部连接,,0,0,0,0
=S02+K1.H1-V1.2:A1,=S02+K1.B1-A1:11,1317,外部连接,,0,0,0,0
=A02+K1.H2-X6:13,=S02+K1.H1-V1.3:PE,1318,外部连接,,0,0,0,0
=S02+K1.H1-V1.3:2,=S02+K1.H1-F1.3:1,1319,外部连接,,0,0,0,0
=S02+K1.H1-V1.3:A2,=S02+K1.B1-W5(-P2):P2:2,1320,外部连接,,0,0,0,0
=S02+K1.H1-V1.3:A1,=S02+K1.B1-A1:12,1321,外部连接,,0,0,0,0
=S02+K1.B1-A1:12,=S02+K1.H1-V2.1:A1,1322,外部连接,,0,0,0,0
=S02+K1.H1-V2.1:A1,=S02+K1.H1-V2.2:A1,1323,外部连接,,0,0,0,0
=S02+K1.D2-X11:1,=S02+K1.D2-X11:1,1326,外部连接,,0,0,0,0
=S02+K1.H1-F1.1:2,=S02+K1.D2-X11:1,1328,外部连接,,0,0,0,0
=S02+K1.H1-F1.1:1,=S02+K1.H1-V1.1:2,1329,外部连接,,0,0,0,0
=S02+K1.D2-X11:2,=S02+K1.D2-X11:2,1332,外部连接,,0,0,0,0
=S02+K1.D2-X11:2,=S02+K1.H1-F1.2:2,1334,外部连接,,0,0,0,0
=S02+K1.H1-F1.1:4,=S02+K1.D2-X12:1,1335,外部连接,,0,0,0,0
=S02+K1.H1-F1.1:5,=S02+K1.H1-F1.1:3,1336,外部连接,,0,0,0,0
=S02+K1.H1-F1.1:3,=S02+K1.H1-F1.1:1,1337,外部连接,,0,0,0,0
=S02+K1.H1-F1.1:6,=S02+K1.D2-X13:1,1338,外部连接,,0,0,0,0
=S02+K1.D2-X11:PE,=S02+K1.D2-X11:PE,1340,外部连接,,0,0,0,0
=S02+K1.D2-X11:3,=S02+K1.D2-X11:3,1341,外部连接,,0,0,0,0
=A02+K1.H2-X5:11,=S02+K1.D2-X11:3,1343,外部连接,,0,0,0,0
=S02+K1.D2-X11:3,=S02+K1.D2-X11:4,1344,外部连接,,0,0,0,0
=S02+K1.D2-X11:4,=S02+K1.D2-X21:4,1345,外部连接,,0,0,0,0
=S02+K1.D2-X11:4,=S02+K1.D2-X11:4,1346,外部连接,,0,0,0,0
=S02+K1.D2-X21:3,=S02+K1.D2-X21:3,1349,外部连接,,0,0,0,0
=S02+K1.D2-X21:3,=S02+K1.H1-F1.3:2,1351,外部连接,,0,0,0,0
=S02+K1.D2-X21:4,=S02+K1.D2-X21:4,1352,外部连接,,0,0,0,0
=S02+K1.D2-X12:1,=S02+K1.D2-X12:1,1356,外部连接,,0,0,0,0
=S02+K1.D2-X12:2,=S02+K1.D2-X12:2,1360,外部连接,,0,0,0,0
=S02+K1.D2-X12:2,=S02+K1.H1-F1.2:4,1362,外部连接,,0,0,0,0
=S02+K1.D2-X12:3,=S02+K1.D2-X12:3,1364,外部连接,,0,0,0,0
=S02+K1.D2-X12:3,=S02+K1.H1-F1.3:4,1366,外部连接,,0,0,0,0
=S02+K1.D2-X12:PE,=S02+K1.D2-X12:PE,1368,外部连接,,0,0,0,0
=S02+K1.H1-F1.2:1,=S02+K1.H1-V1.2:2,1369,外部连接,,0,0,0,0
=S02+K1.H1-F1.2:5,=S02+K1.H1-F1.2:3,1370,外部连接,,0,0,0,0
=S02+K1.H1-F1.2:3,=S02+K1.H1-F1.2:1,1371,外部连接,,0,0,0,0
=S02+K1.D2-X12:4,=S02+K1.D2-X12:4,1372,外部连接,,0,0,0,0
=S02+K1.D2-X12:4,=S02+K1.D2-X12:5,1374,外部连接,,0,0,0,0
=S02+K1.D2-X12:5,=S02+K1.D2-X12:6,1375,外部连接,,0,0,0,0
=A02+K1.H2-X5:12,=S02+K1.D2-X12:6,1376,外部连接,,0,0,0,0
=S02+K1.H1-F1.2:6,=S02+K1.D2-X13:2,1377,外部连接,,0,0,0,0
=S02+K1.D2-X12:5,=S02+K1.D2-X12:5,1378,外部连接,,0,0,0,0
=S02+K1.D2-X12:6,=S02+K1.D2-X12:6,1380,外部连接,,0,0,0,0
=S02+K1.D2-X13:1,=S02+K1.D2-X13:1,1384,外部连接,,0,0,0,0
=S02+K1.D2-X13:2,=S02+K1.D2-X13:2,1388,外部连接,,0,0,0,0
=S02+K1.D2-X13:3,=S02+K1.D2-X13:3,1391,外部连接,,0,0,0,0
=S02+K1.D2-X13:3,=S02+K1.H1-F1.3:6,1393,外部连接,,0,0,0,0
=S02+K1.D2-X13:PE,=S02+K1.D2-X13:PE,1395,外部连接,,0,0,0,0
=S02+K1.D2-X13:4,=S02+K1.D2-X13:4,1396,外部连接,,0,0,0,0
=S02+K1.D2-X13:4,=S02+K1.D2-X13:5,1398,外部连接,,0,0,0,0
=S02+K1.D2-X13:5,=S02+K1.D2-X13:6,1399,外部连接,,0,0,0,0
=A02+K1.H2-X5:13,=S02+K1.D2-X13:6,1400,外部连接,,0,0,0,0
=S02+K1.H1-F1.3:5,=S02+K1.H1-F1.3:3,1401,外部连接,,0,0,0,0
=S02+K1.H1-F1.3:3,=S02+K1.H1-F1.3:1,1402,外部连接,,0,0,0,0
=S02+K1.D2-X13:5,=S02+K1.D2-X13:5,1403,外部连接,,0,0,0,0
=S02+K1.D2-X13:6,=S02+K1.D2-X13:6,1405,外部连接,,0,0,0,0
=S02+K1.H1-F1.1:m4,=S02+K1.B1-A1:2,1407,外部连接,,0,0,0,0
=S02+K1.B1-W5(-P1):P1:2,=S02+K1.H1-F1.1:m3,1408,外部连接,,0,0,0,0
=S02+K1.H1-F1.2:14,=S02+K1.B1-A1:3,1409,外部连接,,0,0,0,0
=S02+K1.B1-W5(-P1):P1:1,=S02+K1.H1-F1.2:13,1410,外部连接,,0,0,0,0
=S02+K1.H1-F1.3:14,=S02+K1.B1-A1:4,1411,外部连接,,0,0,0,0
=S02+K1.B1-A1:4,=S02+K1.H1-F2.1:14,1412,外部连接,,0,0,0,0
=S02+K1.H1-F2.1:14,=S02+K1.H1-F2.2:14,1413,外部连接,,0,0,0,0
=S02+K1.B1-W5(-P1):P1:2,=S02+K1.H1-F1.3:13,1414,外部连接,,0,0,0,0
=S02+K1.B1-W5(-P1):P1:2,=S02+K1.H1-F2.1:13,1415,外部连接,,0,0,0,0
=S02+K1.B1-W5(-P1):P1:1,=S02+K1.H1-F2.2:13,1416,外部连接,,0,0,0,0
=A02+K1.H2-X6:16,=S02+K1.H1-V2.1:PE,1417,外部连接,,0,0,0,0
=S02+K1.H1-V2.1:A2,=S02+K1.B1-W5(-P2):P2:2,1418,外部连接,,0,0,0,0
=A02+K1.H2-X6:13,=S02+K1.H1-V2.2:PE,1419,外部连接,,0,0,0,0
=S02+K1.H1-V2.2:A2,=S02+K1.B1-W5(-P2):P2:2,1420,外部连接,,0,0,0,0
=S02+K1.D2-X21:1,=S02+K1.D2-X21:1,1423,外部连接,,0,0,0,0
=S02+K1.H1-F2.1:2,=S02+K1.D2-X21:1,1425,外部连接,,0,0,0,0
=S02+K1.H1-F2.1:1,=S02+K1.H1-V2.1:2,1426,外部连接,,0,0,0,0
=S02+K1.D2-X21:2,=S02+K1.D2-X21:2,1429,外部连接,,0,0,0,0
=S02+K1.D2-X21:2,=S02+K1.H1-F2.2:2,1431,外部连接,,0,0,0,0
=S02+K1.H1-F2.1:4,=S02+K1.D2-X22:1,1432,外部连接,,0,0,0,0
=S02+K1.H1-F2.1:5,=S02+K1.H1-F2.1:3,1433,外部连接,,0,0,0,0
=S02+K1.H1-F2.1:3,=S02+K1.H1-F2.1:1,1434,外部连接,,0,0,0,0
=S02+K1.H1-F2.1:6,=S02+K1.D2-X22:3,1435,外部连接,,0,0,0,0
=S02+K1.D2-X21:PE,=S02+K1.D2-X21:PE,1437,外部连接,,0,0,0,0
=S02+K1.D2-X21:5,=S02+K1.D2-X21:5,1438,外部连接,,0,0,0,0
=S02+K1.D2-X21:5,=S02+K1.D2-X21:6,1440,外部连接,,0,0,0,0
=A02+K1.H2-X5:14,=S02+K1.D2-X21:6,1441,外部连接,,0,0,0,0
=S02+K1.D2-X21:6,=S02+K1.D2-X21:6,1442,外部连接,,0,0,0,0
=S02+K1.H1-F2.2:1,=S02+K1.H1-V2.2:2,1444,外部连接,,0,0,0,0
=S02+K1.H1-F2.2:5,=S02+K1.H1-F2.2:3,1445,外部连接,,0,0,0,0
=S02+K1.H1-F2.2:3,=S02+K1.H1-F2.2:1,1446,外部连接,,0,0,0,0
=S02+K1.H1-F2.2:5,=S02+K1.H1-F2.2:7,1447,外部连接,,0,0,0,0
=S02+K1.D2-X22:1,=S02+K1.D2-X22:1,1450,外部连接,,0,0,0,0
=S02+K1.D2-X22:PE,=S02+K1.D2-X22:PE,1453,外部连接,,0,0,0,0
=S02+K1.D2-X22:2,=S02+K1.D2-X22:2,1454,外部连接,,0,0,0,0
=A02+K1.H2-X5:15,=S02+K1.D2-X22:2,1456,外部连接,,0,0,0,0
=S02+K1.D2-X22:3,=S02+K1.D2-X22:3,1459,外部连接,,0,0,0,0
=S02+K1.D2-X22:4,=S02+K1.D2-X22:4,1463,外部连接,,0,0,0,0
=A02+K1.H2-X5:16,=S02+K1.D2-X22:4,1465,外部连接,,0,0,0,0
=A02+K1.H2-X6:13,=S02+K1.H1-V2.3:PE,1466,外部连接,,0,0,0,0
=S02+K1.H1-V2.3:A2,=S02+K1.B1-W5(-P2):P2:1,1467,外部连接,,0,0,0,0
=S02+K1.H1-V2.3:A1,=S02+K1.B1-A1:14,1468,外部连接,,0,0,0,0
=S02+K1.D2-X31:1,=S02+K1.D2-X31:1,1471,外部连接,,0,0,0,0
=S02+K1.H1-F2.3:2,=S02+K1.D2-X31:1,1473,外部连接,,0,0,0,0
=S02+K1.H1-F2.3:1,=S02+K1.H1-V2.3:2,1474,外部连接,,0,0,0,0
=S02+K1.H1-F2.3:4,=S02+K1.D2-X31:3,1475,外部连接,,0,0,0,0
=S02+K1.H1-F2.3:5,=S02+K1.H1-F2.3:3,1476,外部连接,,0,0,0,0
=S02+K1.H1-F2.3:3,=S02+K1.H1-F2.3:1,1477,外部连接,,0,0,0,0
=S02+K1.H1-F2.3:5,=S02+K1.H1-F2.3:7,1478,外部连接,,0,0,0,0
=S02+K1.D2-X31:PE,=S02+K1.D2-X31:PE,1480,外部连接,,0,0,0,0
=S02+K1.D2-X31:2,=S02+K1.D2-X31:2,1481,外部连接,,0,0,0,0
=A02+K1.H2-X5:17,=S02+K1.D2-X31:2,1483,外部连接,,0,0,0,0
=S02+K1.D2-X31:3,=S02+K1.D2-X31:3,1486,外部连接,,0,0,0,0
=S02+K1.D2-X31:4,=S02+K1.D2-X31:4,1490,外部连接,,0,0,0,0
=A02+K1.H2-X5:18,=S02+K1.D2-X31:4,1492,外部连接,,0,0,0,0
=S02+K1.H1-F2.3:14,=S02+K1.B1-A1:6,1493,外部连接,,0,0,0,0
=S02+K1.B1-W5(-P1):P1:1,=S02+K1.H1-F2.3:13,1494,外部连接,,0,0,0,0
=S02+K1.B1-V1:2.1,=S02+K1.B1-W5(-P1):X1:9,1499,外部连接,,0,0,0,0
=A02+K1.B1-W6(-P2):X2:2,=S02+K1.B1-W5(-P2):X1:9,1500,外部连接,,0,0,0,0
=V01+K1.D2-X11:1,=V01+K1.D2-X11:1,1501,外部连接,,0,0,0,0
=V01+K1.H1-K1:2,=V01+K1.D2-X11:1,1503,外部连接,,0,0,0,0
=V01+K1.H2-Q1:T1,=V01+K1.H1-K1:1,1504,外部连接,,0,0,0,0
=V01+K1.H2-Q1:L1,=A02+K1.H2-W1:1L1,1505,外部连接,,0,0,0,0
=V01+K1.D2-X11:2,=V01+K1.D2-X11:2,1506,外部连接,,0,0,0,0
=V01+K1.H1-K1:4,=V01+K1.D2-X11:2,1508,外部连接,,0,0,0,0
=V01+K1.H2-Q1:T2,=V01+K1.H1-K1:3,1509,外部连接,,0,0,0,0
=A02+K1.H2-W1:1L2,=V01+K1.H2-Q1:L2,1510,外部连接,,0,0,0,0
=V01+K1.D2-X11:3,=V01+K1.D2-X11:3,1511,外部连接,,0,0,0,0
=V01+K1.H1-K1:6,=V01+K1.D2-X11:3,1513,外部连接,,0,0,0,0
=V01+K1.H2-Q1:T3,=V01+K1.H1-K1:5,1514,外部连接,,0,0,0,0
=A02+K1.H2-W1:1L3,=V01+K1.H2-Q1:L3,1515,外部连接,,0,0,0,0
=V01+K1.D2-X11:PE,=V01+K1.D2-X11:PE,1517,外部连接,,0,0,0,0
=A02+K1.H2-X6:PE:2,=V01+K1.D2-X11:PE,1518,外部连接,,0,0,0,0
=V01+K1.H1-K1:A2,=V01+K1.B1-W5(-P2):P2:1,1519,外部连接,,0,0,0,0
=V01+K1.H2-Q1:14,=V01+K1.H1-K1:A1,1520,外部连接,,0,0,0,0
=V01+K1.B1-A1:1,=V01+K1.H2-Q1:13,1521,外部连接,,0,0,0,0
=V01+K1.H1-K1:14,=V01+K1.B1-A3:1,1522,外部连接,,0,0,0,0
=V01+K1.B1-W5(-P1):P1:2,=V01+K1.H1-K1:13,1523,外部连接,,0,0,0,0
=V01+K1.D2-X12:1,=V01+K1.D2-X12:1,1524,外部连接,,0,0,0,0
=V01+K1.H2-Q2:T1,=V01+K1.D2-X12:1,1526,外部连接,,0,0,0,0
=A02+K1.H2-W1:1L1,=V01+K1.H2-Q2:L1,1527,外部连接,,0,0,0,0
=V01+K1.D2-X12:2,=V01+K1.D2-X12:2,1528,外部连接,,0,0,0,0
=V01+K1.H2-Q2:T2,=V01+K1.D2-X12:2,1530,外部连接,,0,0,0,0
=A02+K1.H2-W1:1L2,=V01+K1.H2-Q2:L2,1531,外部连接,,0,0,0,0
=V01+K1.D2-X12:3,=V01+K1.D2-X12:3,1532,外部连接,,0,0,0,0
=V01+K1.H2-Q2:T3,=V01+K1.D2-X12:3,1534,外部连接,,0,0,0,0
=A02+K1.H2-W1:1L3,=V01+K1.H2-Q2:L3,1535,外部连接,,0,0,0,0
=V01+K1.D2-X12:PE,=V01+K1.D2-X12:PE,1537,外部连接,,0,0,0,0
=A02+K1.H2-X6:20:2,=V01+K1.D2-X12:PE,1538,外部连接,,0,0,0,0
=V01+K1.D2-X12:4,=V01+K1.D2-X12:4,1539,外部连接,,0,0,0,0
=V01+K1.B1-K50:44,=V01+K1.D2-X12:4,1541,外部连接,,0,0,0,0
=V01+K1.H2-F1:2,=V01+K1.B1-K50:43,1542,外部连接,,0,0,0,0
=A01+K1.H2-W0:L1,=V01+K1.H2-F1:1,1543,外部连接,,0,0,0,0
=V01+K1.D2-X12:5,=V01+K1.D2-X12:5,1545,外部连接,,0,0,0,0
=A02+K1.H2-X5:4:2,=V01+K1.D2-X12:5,1546,外部连接,,0,0,0,0
=V01+K1.B1-K50:34,=A02+K1.B1-X22-X22.3F:14,1548,外部连接,,0,0,0,0
=V01+K1.B1-K51:11,=A02+K1.B1-X22-X22.3F:15,1550,外部连接,,0,0,0,0
=V01+K1.B1-W5(-P1):P1:1,=A02+K1.B1-X22-X22.3F:17,1553,外部连接,,0,0,0,0
=V01+K1.B1-K53:A1,=A02+K1.B1-X22-X22.3F:18,1555,外部连接,,0,0,0,0
=V01+K1.B1-W5(-P2):P2,=V01+K1.B1-K53:A2,1556,外部连接,,0,0,0,0
=V01+K1.B1-W5(-P1):P1:2,=V01+K1.B1-A3:2,1557,外部连接,,0,0,0,0
=V01+K1.H2-Q2:14,=V01+K1.B1-K53:12,1558,外部连接,,0,0,0,0
=V01+K1.B1-A1:2,=V01+K1.H2-Q2:13,1559,外部连接,,0,0,0,0
=V01+K1.B1-K50:1,=V01+K1.B1-W5(-P2):P2:1,1560,外部连接,,0,0,0,0
=V01+K1.B1-K53:11,=V01+K1.B1-K50:0,1561,外部连接,,0,0,0,0
=V01+K1.B1-K51:A2,=V01+K1.B1-W5(-P2):P2:1,1562,外部连接,,0,0,0,0
=V01+K1.B1-A1:14,=V01+K1.B1-K51:A1,1563,外部连接,,0,0,0,0
=V01+K1.B1-K50:54,=V01+K1.B1-A3:3,1564,外部连接,,0,0,0,0
=V01+K1.B1-W5(-P1):P1:1,=V01+K1.B1-K50:53,1565,外部连接,,0,0,0,0
=V01+K1.B1-K50:33,=V01+K1.B1-K51:14,1567,外部连接,,0,0,0,0
=V01+K1.B1-K51:14,=A02+K1.B1-X22-X22.3F:16,1568,外部连接,,0,0,0,0
=V01+K1.D2-X17:1,=V01+K1.D2-X17:1,1569,外部连接,,0,0,0,0
=V01+K1.H2-F3.1:2,=V01+K1.D2-X17:1,1571,外部连接,,0,0,0,0
=V01+K1.H2-F3.1:1,=A01+K1.H2-W0:L1,1572,外部连接,,0,0,0,0
=V01+K1.D2-X17:2,=V01+K1.D2-X17:2,1573,外部连接,,0,0,0,0
=A02+K1.H2-X5:13:2,=V01+K1.D2-X17:2,1575,外部连接,,0,0,0,0
=V01+K1.D2-X17:3,=V01+K1.D2-X17:3,1576,外部连接,,0,0,0,0
=A02+K1.H2-X6:19:2,=V01+K1.D2-X17:3,1578,外部连接,,0,0,0,0
=V01+K1.D2-X17:4,=V01+K1.D2-X17:4,1580,外部连接,,0,0,0,0
=V01+K1.H2-F3.2:2,=V01+K1.D2-X17:4,1582,外部连接,,0,0,0,0
=A01+K1.H2-W0:L2,=V01+K1.H2-F3.2:1,1583,外部连接,,0,0,0,0
=V01+K1.D2-X17:5,=V01+K1.D2-X17:5,1584,外部连接,,0,0,0,0
=A02+K1.H2-X5:13:2,=V01+K1.D2-X17:5,1586,外部连接,,0,0,0,0
=V01+K1.D2-X17:6,=V01+K1.D2-X17:6,1587,外部连接,,0,0,0,0
=A02+K1.H2-X6:19:2,=V01+K1.D2-X17:6,1589,外部连接,,0,0,0,0
=V01+K1.D2-X18:1,=V01+K1.D2-X18:1,1591,外部连接,,0,0,0,0
=V01+K1.H2-F3.3:2,=V01+K1.D2-X18:1,1593,外部连接,,0,0,0,0
=A01+K1.H2-W0:L3,=V01+K1.H2-F3.3:1,1594,外部连接,,0,0,0,0
=V01+K1.D2-X18:2,=V01+K1.D2-X18:2,1595,外部连接,,0,0,0,0
=A02+K1.H2-X5:13:2,=V01+K1.D2-X18:2,1597,外部连接,,0,0,0,0
=V01+K1.D2-X18:3,=V01+K1.D2-X18:3,1598,外部连接,,0,0,0,0
=A02+K1.H2-X6:19:2,=V01+K1.D2-X18:3,1600,外部连接,,0,0,0,0
=A02+K1.B1-X22-X22.1F:5,=V01+K1.B1-W6(-P1):X1:2,1613,外部连接,,0,0,0,0
=A02+K1.B1-X22-X22.1F:6,=V01+K1.B1-A3:6,1615,外部连接,,0,0,0,0
=A02+K1.B1-X22-X22.1F:7,=V01+K1.B1-W6(-P2):X1:2,1617,外部连接,,0,0,0,0
=A02+K1.B1-X22-X22.1F:8,=V01+K1.B1-W6(-P1):X1:4,1619,外部连接,,0,0,0,0
=A02+K1.B1-X22-X22.1F:9,=V01+K1.B1-A3:9,1621,外部连接,,0,0,0,0
=A02+K1.B1-X22-X22.1F:10,=V01+K1.B1-W6(-P2):X1:4,1623,外部连接,,0,0,0,0
=A02+K1.B1-X22-X21.1F:20,=V01+K1.B1-W6(-P1):X1:4,1625,外部连接,,0,0,0,0
=A02+K1.B1-X22-X21.1F:21,=V01+K1.B1-A5:3,1627,外部连接,,0,0,0,0
=A02+K1.B1-X22-X21.1F:22,=V01+K1.B1-W6(-P2):X1:4,1629,外部连接,,0,0,0,0
=V01+K1.D2-X16:1,=V01+K1.D2-X16:1,1631,外部连接,,0,0,0,0
=V01+K1.H2-Q4:T1,=V01+K1.D2-X16:1,1633,外部连接,,0,0,0,0
=A02+K1.H2-W1:1L1,=V01+K1.H2-Q4:L1,1634,外部连接,,0,0,0,0
=V01+K1.D2-X16:2,=V01+K1.D2-X16:2,1635,外部连接,,0,0,0,0
=V01+K1.H2-Q4:T2,=V01+K1.D2-X16:2,1637,外部连接,,0,0,0,0
=A02+K1.H2-W1:1L2,=V01+K1.H2-Q4:L2,1638,外部连接,,0,0,0,0
=V01+K1.D2-X16:3,=V01+K1.D2-X16:3,1639,外部连接,,0,0,0,0
=V01+K1.H2-Q4:T3,=V01+K1.D2-X16:3,1641,外部连接,,0,0,0,0
=A02+K1.H2-W1:1L3,=V01+K1.H2-Q4:L3,1642,外部连接,,0,0,0,0
=V01+K1.D2-X16:PE,=V01+K1.D2-X16:PE,1644,外部连接,,0,0,0,0
=A02+K1.H2-X6:PE:2,=V01+K1.D2-X16:PE,1645,外部连接,,0,0,0,0
=V01+K1.B1-K4:11,=A02+K1.B1-X22-X22.1F:15,1649,外部连接,,0,0,0,0
=V01+K1.B1-K4:14,=A02+K1.B1-X22-X22.1F:16,1650,外部连接,,0,0,0,0
=V01+K1.B1-K4:A2,=V01+K1.B1-W5(-P2):P2:2,1651,外部连接,,0,0,0,0
=V01+K1.B1-A1:5,=V01+K1.B1-K4:A1,1652,外部连接,,0,0,0,0
=V01+K1.B1-K5:11,=A02+K1.B1-X22-X22.1F:17,1655,外部连接,,0,0,0,0
=V01+K1.B1-K5:14,=V01+K1.B1-K6:14,1656,外部连接,,0,0,0,0
=V01+K1.B1-K6:14,=V01+K1.B1-K7:A2,1657,外部连接,,0,0,0,0
=V01+K1.B1-K7:A2,=A02+K1.B1-X22-X22.1F:19,1658,外部连接,,0,0,0,0
=V01+K1.B1-K5:A2,=V01+K1.B1-W5(-P2):P2:2,1659,外部连接,,0,0,0,0
=V01+K1.B1-A2:1,=V01+K1.B1-K5:A1,1660,外部连接,,0,0,0,0
=V01+K1.B1-K6:11,=A02+K1.B1-X22-X22.1F:18,1662,外部连接,,0,0,0,0
=V01+K1.B1-K6:A2,=V01+K1.B1-W5(-P2):P2:2,1663,外部连接,,0,0,0,0
=V01+K1.B1-A2:2,=V01+K1.B1-K6:A1,1664,外部连接,,0,0,0,0
=V01+K1.B1-K7:A1,=V01+K1.B1-K8:A1,1666,外部连接,,0,0,0,0
=V01+K1.B1-K8:A1,=A02+K1.B1-X22-X22.1F:21,1667,外部连接,,0,0,0,0
=V01+K1.B1-K7:11,=V01+K1.B1-A3:10,1668,外部连接,,0,0,0,0
=V01+K1.B1-W5(-P1):P1,=V01+K1.B1-K7:14,1669,外部连接,,0,0,0,0
=V01+K1.B1-K8:A2,=A02+K1.B1-X22-X22.1F:20,1671,外部连接,,0,0,0,0
=V01+K1.B1-K8:11,=V01+K1.B1-A3:11,1673,外部连接,,0,0,0,0
=V01+K1.B1-W5(-P1):P1,=V01+K1.B1-K8:14,1674,外部连接,,0,0,0,0
=A02+K1.H2-X6:PE:2,=A02+K1.B1-X22-X22.1F:22,1676,外部连接,,0,0,0,0
=A02+K1.B1-X22-X22.2F:1,=V01+K1.B1-W6(-P1):P1,1677,外部连接,,0,0,0,0
=V01+K1.B1-W6(-P2):P2,=A02+K1.B1-X22-X22.2F:2,1679,外部连接,,0,0,0,0
=A02+K1.B1-X22-X22.2F:3,=V01+K1.B1-A6:1,1681,外部连接,,0,0,0,0
=A02+K1.B1-X22-X22.2F:4,=V01+K1.B1-A6:2,1683,外部连接,,0,0,0,0
=A02+K1.B1-X22-X22.2F:5,=V01+K1.B1-A3:12,1686,外部连接,,0,0,0,0
=A02+K1.B1-X22-X22.2F:6,=V01+K1.B1-W6(-P1):P1,1688,外部连接,,0,0,0,0
=A02+K1.B1-X22-X22.2F:7,=V01+K1.B1-W6(-P1):P1,1691,外部连接,,0,0,0,0
=V01+K1.B1-W6(-P2):P2,=A02+K1.B1-X22-X22.2F:8,1693,外部连接,,0,0,0,0
=A02+K1.B1-X22-X22.2F:9,=V01+K1.B1-A6:5,1695,外部连接,,0,0,0,0
=A02+K1.B1-X22-X22.2F:10,=V01+K1.B1-A6:6,1697,外部连接,,0,0,0,0
=A02+K1.B1-X22-X22.2F:11,=V01+K1.B1-W6(-P1):P1,1701,外部连接,,0,0,0,0
=A02+K1.B1-X22-X22.2F:12,=V01+K1.B1-W6(-P2):P2,1703,外部连接,,0,0,0,0
=A02+K1.B1-X22-X22.2F:13,=V01+K1.B1-A6:3,1705,外部连接,,0,0,0,0
=A02+K1.B1-X22-X22.2F:14,=V01+K1.B1-A6:4,1707,外部连接,,0,0,0,0
=A02+K1.B1-X22-X22.2F:15,=V01+K1.B1-W6(-P1):P1,1711,外部连接,,0,0,0,0
=A02+K1.B1-X22-X22.2F:16,=V01+K1.B1-W6(-P2):P2,1713,外部连接,,0,0,0,0
=A02+K1.B1-X22-X22.2F:17,=V01+K1.B1-A6:7,1715,外部连接,,0,0,0,0
=A02+K1.B1-X22-X22.2F:18,=V01+K1.B1-A6:8,1717,外部连接,,0,0,0,0
=A02+K1.B1-X22-X22.2F:19,=V01+K1.B1-W6(-P1):P1,1721,外部连接,,0,0,0,0
=V01+K1.B1-W6(-P2):P2,=A02+K1.B1-X22-X22.2F:20,1723,外部连接,,0,0,0,0
=A02+K1.B1-X22-X22.2F:21,=V01+K1.B1-A7:1,1725,外部连接,,0,0,0,0
=A02+K1.B1-X22-X22.2F:22,=V01+K1.B1-A7:2,1727,外部连接,,0,0,0,0
=A02+K1.B1-K21:34,=A02+K1.B1-X22-X22.2F:23,1730,外部连接,,0,0,0,0
=A02+K1.B1-K21:34,=A02+K1.B1-X22-X22.3F:3,1731,外部连接,,0,0,0,0
=V01+K1.B1-W6(-P1):P1,=A02+K1.B1-X22-X22.3F:1,1735,外部连接,,0,0,0,0
=A02+K1.B1-X22-X22.3F:2,=V01+K1.B1-W6(-P2):P2,1737,外部连接,,0,0,0,0
=A02+K1.B1-X22-X22.3F:5,=V01+K1.B1-A7:5,1743,外部连接,,0,0,0,0
=A02+K1.B1-X22-X22.3F:6,=V01+K1.B1-A7:6,1745,外部连接,,0,0,0,0
=V01+K1.B1-K35:11,=V01+K1.B1-W6(-P2):X1:5,1748,外部连接,,0,0,0,0
=A02+K1.B1-X22-X22.3F:7,=V01+K1.B1-K35:14,1749,外部连接,,0,0,0,0
=V01+K1.B1-K36:11,=V01+K1.B1-W6(-P2):X1:6,1751,外部连接,,0,0,0,0
=A02+K1.B1-X22-X22.3F:8,=V01+K1.B1-K36:14,1752,外部连接,,0,0,0,0
=V01+K1.B1-K37:11,=V01+K1.B1-W6(-P2):X1:7,1754,外部连接,,0,0,0,0
=A02+K1.B1-X22-X22.3F:9,=V01+K1.B1-K37:14,1755,外部连接,,0,0,0,0
=A02+K1.B1-X22-X22.3F:10,=V01+K1.B1-W6(-P2):X1:8,1757,外部连接,,0,0,0,0
=V01+K1.B1-K38:A1,=V01+K1.B1-W6(-P1):X1:6,1759,外部连接,,0,0,0,0
=A02+K1.B1-X22-X22.3F:11,=V01+K1.B1-K38:A2,1760,外部连接,,0,0,0,0
=V01+K1.B1-K39:A1,=V01+K1.B1-W6(-P1):X1:7,1762,外部连接,,0,0,0,0
=A02+K1.B1-X22-X22.3F:12,=V01+K1.B1-K39:A2,1763,外部连接,,0,0,0,0
=A02+K1.B1-X22-X22.3F:13,=V01+K1.B1-W6(-P1):X1:8,1765,外部连接,,0,0,0,0
=V01+K1.B1-K35:A2,=V01+K1.B1-W5(-P2):X1:7,1768,外部连接,,0,0,0,0
=V01+K1.B1-A1:6,=V01+K1.B1-K35:A1,1769,外部连接,,0,0,0,0
=V01+K1.B1-K38:11,=V01+K1.B1-A3:15,1770,外部连接,,0,0,0,0
=V01+K1.B1-W5(-P1):X1:3,=V01+K1.B1-K38:14,1771,外部连接,,0,0,0,0
=V01+K1.B1-K36:A2,=V01+K1.B1-W5(-P2):X1:8,1772,外部连接,,0,0,0,0
=V01+K1.B1-A1:7,=V01+K1.B1-K36:A1,1773,外部连接,,0,0,0,0
=V01+K1.B1-K39:11,=V01+K1.B1-A3:16,1774,外部连接,,0,0,0,0
=V01+K1.B1-W5(-P1):X1:4,=V01+K1.B1-K39:14,1775,外部连接,,0,0,0,0
=V01+K1.B1-K37:A2,=V01+K1.B1-W5(-P2):X2:1,1776,外部连接,,0,0,0,0
=V01+K1.B1-A1:8,=V01+K1.B1-K37:A1,1777,外部连接,,0,0,0,0
=A02+K1.B1-X22-X22.6F:23,=V01+K1.B1-W6(-P2):P2,1778,外部连接,,0,0,0,0
=V01+K1.B1-A2:3,=A02+K1.B1-X22-X22.6F:22,1781,外部连接,,0,0,0,0
=A02+K1.B1-X22-X22.4F:2,=V01+K1.B1-W6(-P2):P2,1783,外部连接,,0,0,0,0
=V01+K1.B1-A2:4,=A02+K1.B1-X22-X22.4F:1,1786,外部连接,,0,0,0,0
=A02+K1.B1-X22-X22.4F:5,=V01+K1.B1-A4:1,1788,外部连接,,0,0,0,0
=V01+K1.B1-W6(-P1):P1,=A02+K1.B1-X22-X22.4F:4,1791,外部连接,,0,0,0,0
=A02+K1.B1-X22-X22.4F:7,=V01+K1.B1-A4:2,1792,外部连接,,0,0,0,0
=V01+K1.B1-W6(-P1):P1,=A02+K1.B1-X22-X22.4F:6,1795,外部连接,,0,0,0,0
=A02+K1.B1-X22-X22.4F:9,=V01+K1.B1-W6(-P2):P2,1796,外部连接,,0,0,0,0
=V01+K1.B1-A2:5,=A02+K1.B1-X22-X22.4F:8,1799,外部连接,,0,0,0,0
=A02+K1.B1-X22-X22.4F:12,=V01+K1.B1-A4:3,1801,外部连接,,0,0,0,0
=V01+K1.B1-W6(-P1):P1,=A02+K1.B1-X22-X22.4F:11,1804,外部连接,,0,0,0,0
=A02+K1.B1-X22-X22.4F:14,=V01+K1.B1-A4:4,1805,外部连接,,0,0,0,0
=V01+K1.B1-W6(-P1):P1,=A02+K1.B1-X22-X22.4F:13,1808,外部连接,,0,0,0,0
=A02+K1.B1-X22-X22.4F:16,=V01+K1.B1-W6(-P2):P2,1809,外部连接,,0,0,0,0
=V01+K1.B1-A2:6,=A02+K1.B1-X22-X22.4F:15,1812,外部连接,,0,0,0,0
=A02+K1.B1-X22-X22.4F:19,=V01+K1.B1-A4:5,1814,外部连接,,0,0,0,0
=V01+K1.B1-W6(-P1):P1,=A02+K1.B1-X22-X22.4F:18,1817,外部连接,,0,0,0,0
=A02+K1.B1-X22-X22.4F:21,=V01+K1.B1-A4:6,1818,外部连接,,0,0,0,0
=V01+K1.B1-W6(-P1):P1,=A02+K1.B1-X22-X22.4F:20,1821,外部连接,,0,0,0,0
=A02+K1.B1-X22-X22.4F:23,=V01+K1.B1-W6(-P2):P2,1822,外部连接,,0,0,0,0
=V01+K1.B1-A1:10,=A02+K1.B1-X22-X22.4F:22,1825,外部连接,,0,0,0,0
=A02+K1.B1-X22-X22.5F:2,=V01+K1.B1-A4:7,1827,外部连接,,0,0,0,0
=V01+K1.B1-W6(-P1):X3:2,=A02+K1.B1-X22-X22.5F:1,1830,外部连接,,0,0,0,0
=A02+K1.B1-X22-X22.5F:4,=V01+K1.B1-A4:8,1831,外部连接,,0,0,0,0
=A02+K1.B1-X22-X22.5F:3,=V01+K1.B1-W6(-P1):X3:3,1834,外部连接,,0,0,0,0
=A02+K1.B1-X22-X22.5F:6,=V01+K1.B1-W6(-P2):P2,1835,外部连接,,0,0,0,0
=V01+K1.B1-A1:11,=A02+K1.B1-X22-X22.5F:5,1838,外部连接,,0,0,0,0
=A02+K1.B1-X22-X22.5F:9,=V01+K1.B1-A4:9,1840,外部连接,,0,0,0,0
=V01+K1.B1-W6(-P1):X3:2,=A02+K1.B1-X22-X22.5F:8,1843,外部连接,,0,0,0,0
=A02+K1.B1-X22-X22.5F:11,=V01+K1.B1-A4:10,1844,外部连接,,0,0,0,0
=A02+K1.B1-X22-X22.5F:10,=V01+K1.B1-W6(-P1):X3:3,1847,外部连接,,0,0,0,0
=A02+K1.B1-X22-X22.5F:13,=V01+K1.B1-W6(-P2):P2,1848,外部连接,,0,0,0,0
=V01+K1.B1-A1:12,=A02+K1.B1-X22-X22.5F:12,1851,外部连接,,0,0,0,0
=A02+K1.B1-X22-X22.5F:16,=V01+K1.B1-A4:11,1853,外部连接,,0,0,0,0
=V01+K1.B1-W6(-P1):X3:2,=A02+K1.B1-X22-X22.5F:15,1856,外部连接,,0,0,0,0
=A02+K1.B1-X22-X22.5F:18,=V01+K1.B1-A4:12,1857,外部连接,,0,0,0,0
=A02+K1.B1-X22-X22.5F:17,=V01+K1.B1-W6(-P1):X3:3,1860,外部连接,,0,0,0,0
=A02+K1.B1-X22-X22.5F:20,=V01+K1.B1-W6(-P2):P2,1861,外部连接,,0,0,0,0
=V01+K1.B1-A2:7,=A02+K1.B1-X22-X22.5F:19,1864,外部连接,,0,0,0,0
=A02+K1.B1-X22-X22.5F:23,=V01+K1.B1-A4:13,1866,外部连接,,0,0,0,0
=V01+K1.B1-W6(-P1):X3:2,=A02+K1.B1-X22-X22.5F:22,1869,外部连接,,0,0,0,0
=A02+K1.B1-X22-X22.6F:1,=V01+K1.B1-A4:14,1870,外部连接,,0,0,0,0
=A02+K1.B1-X22-X22.5F:24,=V01+K1.B1-W6(-P1):X3:3,1873,外部连接,,0,0,0,0
=A02+K1.B1-X22-X22.6F:3,=V01+K1.B1-W6(-P2):P2,1874,外部连接,,0,0,0,0
=V01+K1.B1-A2:8,=A02+K1.B1-X22-X22.6F:2,1877,外部连接,,0,0,0,0
=A02+K1.B1-X22-X22.6F:6,=V01+K1.B1-A4:15,1879,外部连接,,0,0,0,0
=V01+K1.B1-W6(-P1):X3:2,=A02+K1.B1-X22-X22.6F:5,1882,外部连接,,0,0,0,0
=A02+K1.B1-X22-X22.6F:8,=V01+K1.B1-A4:16,1883,外部连接,,0,0,0,0
=A02+K1.B1-X22-X22.6F:7,=V01+K1.B1-W6(-P1):X3:3,1886,外部连接,,0,0,0,0
=A02+K1.B1-X22-X22.6F:10,=V01+K1.B1-W6(-P2):P2,1887,外部连接,,0,0,0,0
=A02+K1.B1-K22:24,=A02+K1.B1-X22-X22.6F:9,1890,外部连接,,0,0,0,0
=A02+K1.B1-K22:23,=V01+K1.B1-A2:9,1891,外部连接,,0,0,0,0
=A02+K1.B1-X22-X22.6F:13,=V01+K1.B1-W6(-P2):P2,1893,外部连接,,0,0,0,0
=A02+K1.B1-K22:64,=A02+K1.B1-X22-X22.6F:12,1896,外部连接,,0,0,0,0
=A02+K1.B1-K22:63,=V01+K1.B1-A2:10,1897,外部连接,,0,0,0,0
=A02+K1.B1-X22-X22.6F:16,=V01+K1.B1-W6(-P2):P2,1899,外部连接,,0,0,0,0
=V01+K1.B1-A1:13,=A02+K1.B1-X22-X22.6F:15,1902,外部连接,,0,0,0,0
=A02+K1.B1-X22-X22.6F:19,=V01+K1.B1-A5:1,1904,外部连接,,0,0,0,0
=V01+K1.B1-W6(-P1):X3:2,=A02+K1.B1-X22-X22.6F:18,1907,外部连接,,0,0,0,0
=A02+K1.B1-X22-X22.6F:21,=V01+K1.B1-A5:2,1908,外部连接,,0,0,0,0
=A02+K1.B1-X22-X22.6F:20,=V01+K1.B1-W6(-P1):X3:3,1911,外部连接,,0,0,0,0
=V01+K1.B1-V1:2.1,=V01+K1.B1-W5(-P1):X1:9,1912,外部连接,,0,0,0,0
=A02+K1.B1-W6(-P2):X2:3,=V01+K1.B1-W5(-P2):X1:9,1913,外部连接,,0,0,0,0
=V01+K1.B1-V2:2.1,=V01+K1.B1-W6(-P1):X1:9,1914,外部连接,,0,0,0,0
=A02+K1.B1-W6(-P2):X2:4,=V01+K1.B1-W6(-P2):X1:9,1915,外部连接,,0,0,0,0
=V01+K1.B1-W5(-P1):X1:8,=A02+K1.B1-K21:44,1916,外部连接,,0,0,0,0
=V01+K1.B1-A1.1:2,=A02+K1.B1-K21:43,1917,外部连接,,0,0,0,0
=V01+K1.B1-W5(-P2):X2:4,=V01+K1.B1-A1.1:7,1918,外部连接,,0,0,0,0
=V01+K1.B1-A2.1:2,=V01+K1.B1-W5(-P1):X2:1,1919,外部连接,,0,0,0,0
=V01+K1.B1-A2.1:7,=V01+K1.B1-W5(-P2):X2:5,1920,外部连接,,0,0,0,0
=V01+K1.B1-A5.1:2,=V01+K1.B1-W5(-P1):X2:2,1921,外部连接,,0,0,0,0
=V01+K1.B1-A5.1:7,=V01+K1.B1-W5(-P2):X3:6,1922,外部连接,,0,0,0,0
