id,fdid,function,location,device
1,=A01+K1.H2-Q1,A01,K1.H2,Q1,1,Unknown,0,0,0
2,=A01+K1.B1-K3,A01,K1.B1,K3,1,Unknown,0,0,0
3,=A01+K1.H2-W0,A01,K1.H2,W0,1,Unknown,0,0,0
5,=A01+K1.H2-F0,A01,K1.H2,F0,1,Unknown,0,0,0
8,=A01+K1.H2-Q2,A01,K1.H2,Q2,1,Unknown,0,0,0
21,=A01+K1.H2-X1,A01,K1.H2,X1,1,Unknown,0,0,0
24,=A02+K1.H2-X5,A02,K1.H2,X5,1,Unknown,0,0,0
27,=A01+S1-W0,A01,S1,W0,0,Unknown,0,0,0
29,=A02+K1.H2-W20,A02,K1.H2,W20,1,Unknown,0,0,0
32,=A02+K1.H2-X6,A02,K1.H2,X6,1,Unknown,0,0,0
34,=A01+K1.H2-G1,A01,K1.H2,G1,1,Unknown,0,0,0
44,=A02+K1.B1-X20-X20.5F,A02,K1.B1,X20-X20.5F,1,Terminal,0,0,1
54,=A02+K1.B1-A3,A02,K1.B1,A3,1,PLC,0,1,0
55,=A01+K1.G2-S1,A01,K1.G2,S1,1,Unknown,0,0,0
59,=A01+K1.B1-W7(-P1),A01,K1.B1,W7(-P1),1,Unknown,0,0,0
69,=A01+S1-S3,A01,S1,S3,0,Unknown,0,0,0
70,=A02+K1.B1-X20-X20.5M,A02,K1.B1,X20-X20.5M,1,Terminal,0,0,1
80,=A01+K1.B1-X20,A01,K1.B1,X20,1,Terminal,0,0,1
88,=A01+K1.E1-E1,A01,K1.E1,E1,1,Unknown,0,0,0
96,=A01+K1.H1-G2-L+,A01,K1.H1,G2-L+,1,Unknown,0,0,0
97,=A01+K1.H2-F1,A01,K1.H2,F1,1,Unknown,0,0,0
98,=A01+K1.H1-G2-L,A01,K1.H1,G2-L,1,Unknown,0,0,0
101,=P01+K1.G1-E1,P01,K1.G1,E1,1,Unknown,0,0,0
104,=A01+K1.H1-G2-N,A01,K1.H1,G2-N,1,Unknown,0,0,0
107,=A01+K1.H1-G2-L-,A01,K1.H1,G2-L-,1,Unknown,0,0,0
108,=A01+K1.B1-W7(-P2),A01,K1.B1,W7(-P2),1,Unknown,0,0,0
110,=A01+K1.H1-G2-PE,A01,K1.H1,G2-PE,1,Unknown,0,0,0
116,=A02+K1.B1-A5,A02,K1.B1,A5,1,PLC,0,1,0
118,=A02+K1.H2-Q1,A02,K1.H2,Q1,1,Unknown,0,0,0
120,=A02+K1.H1-G2,A02,K1.H1,G2,1,Unknown,0,0,0
139,=A01+K1.H2-T1,A01,K1.H2,T1,1,Unknown,0,0,0
157,=A01+K1.H2-K1,A01,K1.H2,K1,1,Unknown,0,0,0
158,=A02+K1.B1-W5(-P2),A02,K1.B1,W5(-P2),1,Unknown,0,0,0
159,=A02+K1.B1-K20,A02,K1.B1,K20,1,Unknown,0,0,0
163,=F01+K1.B1-K1,F01,K1.B1,K1,1,Unknown,0,0,0
165,=A02+K1.B1-W5(-P1),A02,K1.B1,W5(-P1),1,Unknown,0,0,0
167,=A01+K1.H2-K2,A01,K1.H2,K2,1,Unknown,0,0,0
172,=Q15+K1.H2-F11,Q15,K1.H2,F11,1,Unknown,0,0,0
174,=Q15+K1.H2-F12,Q15,K1.H2,F12,1,Unknown,0,0,0
176,=Q15+K1.H2-F13,Q15,K1.H2,F13,1,Unknown,0,0,0
178,=Q15+K1.H2-F14,Q15,K1.H2,F14,1,Unknown,0,0,0
180,=Q01+K1.H2-Q1,Q01,K1.H2,Q1,1,Unknown,0,0,0
187,=A02+K1.B1-A1,A02,K1.B1,A1,1,PLC,0,1,0
194,=A02+K1.H2-W1,A02,K1.H2,W1,1,Unknown,0,0,0
200,=A02+K1.H2-W2,A02,K1.H2,W2,1,Unknown,0,0,0
212,=A02+K1.H2-W3,A02,K1.H2,W3,1,Unknown,0,0,0
218,=A02+K1.H2-W4,A02,K1.H2,W4,1,Unknown,0,0,0
230,=A02+K1.H2-W2.1,A02,K1.H2,W2.1,1,Unknown,0,0,0
236,=A02+K1.B1-V1(0),A02,K1.B1,V1(0),1,Unknown,0,0,0
244,=A02+K1.B1-W6(-P2),A02,K1.B1,W6(-P2),1,Unknown,0,0,0
249,=A02+K1.H2-F2,A02,K1.H2,F2,1,Unknown,0,0,0
250,=A02+K1.B1-X200,A02,K1.B1,X200,1,Terminal,0,0,1
257,=A02+K1.H1-K1,A02,K1.H1,K1,1,Unknown,0,0,0
258,=A02+K1.A1-X21,A02,K1.A1,X21,1,Terminal,0,0,1
264,=A02+K1.H2-X22,A02,K1.H2,X22,1,Terminal,0,0,1
266,=A02+K1.H2-F3.1,A02,K1.H2,F3.1,1,Unknown,0,0,0
277,=A02+K1.H2-F3,A02,K1.H2,F3,1,Unknown,0,0,0
289,=A02+K1.E1-S1,A02,K1.E1,S1,1,Unknown,0,0,0
290,=A02+K1.B1-X9,A02,K1.B1,X9,1,Unknown,0,0,0
293,=A02+K1.H2-F4,A02,K1.H2,F4,1,Unknown,0,0,0
299,=A02+K1.E1-S2,A02,K1.E1,S2,1,Unknown,0,0,0
305,=A02+K1.E1-S3,A02,K1.E1,S3,1,Unknown,0,0,0
312,=A02+K1.A1-M1,A02,K1.A1,M1,1,Unknown,0,0,0
319,=A02+K1-A1,A02,K1,A1,0,PLC,0,1,0
322,=P01+K1.G1-D1,P01,K1.G1,D1,1,Unknown,0,0,0
325,=A02+S1.I1-X1,A02,S1.I1,X1,0,Unknown,0,0,0
327,=A02+S1-X101,A02,S1,X101,0,Unknown,0,0,0
330,=A02+K1.B1-X100,A02,K1.B1,X100,1,Unknown,0,0,0
336,=A01+K1.I1-X1,A01,K1.I1,X1,1,Unknown,0,0,0
337,=A02+K1-W30,A02,K1,W30,0,Unknown,0,0,0
340,=A02+K1.H1-W21,A02,K1.H1,W21,1,Unknown,0,0,0
341,=A02+K1.B1-W22,A02,K1.B1,W22,1,Unknown,0,0,0
344,=A02+K1.H1-W12,A02,K1.H1,W12,1,Unknown,0,0,0
345,=A02+K1.B1-W10,A02,K1.B1,W10,1,Unknown,0,0,0
347,=A02+K1.B1-W9,A02,K1.B1,W9,1,Unknown,0,0,0
349,=A02+K1.B1-W11,A02,K1.B1,W11,1,Unknown,0,0,0
351,=A02+K1.B1-X20-X20.1M,A02,K1.B1,X20-X20.1M,1,Terminal,0,0,1
352,=A02+S1-A21-X1,A02,S1,A21-X1,0,PLC,0,1,0
354,=A02+K1.B1-X20-X20.1F,A02,K1.B1,X20-X20.1F,1,Terminal,0,0,1
363,=A02+K1.B1-X20-X20.2M,A02,K1.B1,X20-X20.2M,1,Terminal,0,0,1
364,=A02+S1-A23-X1,A02,S1,A23-X1,0,PLC,0,1,0
366,=A02+K1.B1-X20-X20.2F,A02,K1.B1,X20-X20.2F,1,Terminal,0,0,1
385,=A02+S1-S2,A02,S1,S2,0,Unknown,0,0,0
393,=A02+S1-S3,A02,S1,S3,0,Unknown,0,0,0
409,=A02+S1-S12,A02,S1,S12,0,Unknown,0,0,0
417,=A02+S1-S13,A02,S1,S13,0,Unknown,0,0,0
461,=A02+K1.B1-A2,A02,K1.B1,A2,1,PLC,0,1,0
479,=A02+K1.B1-A4,A02,K1.B1,A4,1,PLC,0,1,0
480,=A02+K1.B1-X20-X20.3F,A02,K1.B1,X20-X20.3F,1,Terminal,0,0,1
481,=A02+K1.B1-X20-X20.3M,A02,K1.B1,X20-X20.3M,1,Terminal,0,0,1
482,=A02+S1-B20,A02,S1,B20,0,Unknown,0,0,0
490,=A02+S1-B21,A02,S1,B21,0,Unknown,0,0,0
495,=A02+K1.B1-X21-X21.2M,A02,K1.B1,X21-X21.2M,1,Terminal,0,0,1
499,=A02+S1-J20,A02,S1,J20,0,Unknown,0,0,0
500,=A02+K1.B1-X21-X21.2F,A02,K1.B1,X21-X21.2F,1,Terminal,0,0,1
501,=A02+S1-S20,A02,S1,S20,0,Unknown,0,0,0
516,=A02+K1.B1-K21.1,A02,K1.B1,K21.1,1,Unknown,0,0,0
540,=A02+S1-Y1,A02,S1,Y1,0,Unknown,0,0,0
546,=A02+K1.B1-K19,A02,K1.B1,K19,1,Unknown,0,0,0
551,=A02+S1-S1,A02,S1,S1,0,Unknown,0,0,0
566,=A02+K1.B1-K22,A02,K1.B1,K22,1,Unknown,0,0,0
567,=A02+K1.B1-K21,A02,K1.B1,K21,1,Unknown,0,0,0
573,=A02+S1-S11,A02,S1,S11,0,Unknown,0,0,0
589,=A02+K1.G2-S2,A02,K1.G2,S2,1,Unknown,0,0,0
595,=A02+K1.G2-S3,A02,K1.G2,S3,1,Unknown,0,0,0
666,=A02+K1.G2-H1,A02,K1.G2,H1,1,Unknown,0,0,0
688,=A02+K1.B1-V1,A02,K1.B1,V1,1,Unknown,0,0,0
691,=F01+K1.B1-V1,F01,K1.B1,V1,1,Unknown,0,0,0
695,=O01+K1.B1-V1,O01,K1.B1,V1,1,Unknown,0,0,0
699,=Q01+K1.B1-V1,Q01,K1.B1,V1,1,Unknown,0,0,0
703,=S02+K1.B1-V1,S02,K1.B1,V1,1,Unknown,0,0,0
704,=Q15+K1.B1-V1,Q15,K1.B1,V1,1,Unknown,0,0,0
706,=V01+K1.B1-V1,V01,K1.B1,V1,1,Unknown,0,0,0
711,=V01+K1.B1-V2,V01,K1.B1,V2,1,Unknown,0,0,0
720,=F01+S1-N1.123,F01,S1,N1.123,0,Unknown,0,0,0
721,=F01+K1.B1-W5(-P1),F01,K1.B1,W5(-P1),1,Unknown,0,0,0
725,=F01+K1.B1-W5(-P2),F01,K1.B1,W5(-P2),1,Unknown,0,0,0
733,=F01+I1-W301,F01,I1,W301,0,Unknown,0,0,0
738,=F01+S1-N2,F01,S1,N2,0,Unknown,0,0,0
751,=F01+I1-W302,F01,I1,W302,0,Unknown,0,0,0
755,=V01+K1.B1-A3,V01,K1.B1,A3,1,PLC,0,1,0
756,=A02+K1.B1-X22-X22.3F,A02,K1.B1,X22-X22.3F,1,Terminal,0,0,1
763,=V01+K1.B1-A1,V01,K1.B1,A1,1,PLC,0,1,0
765,=A02+K1.B1-X22-X22.2F,A02,K1.B1,X22-X22.2F,1,Terminal,0,0,1
771,=F01+S1-Y11,F01,S1,Y11,0,Unknown,0,0,0
790,=M01+S1-M1,M01,S1,M1,0,Unknown,0,0,0
791,=M01+K1.D2-X1,M01,K1.D2,X1,1,Unknown,0,0,0
793,=M01+K1.H1-Z1,M01,K1.H1,Z1,1,Unknown,0,0,0
794,=M01+K1.H1-U1,M01,K1.H1,U1,1,Unknown,0,0,0
795,=M01+K1.H2-F2,M01,K1.H2,F2,1,Unknown,0,0,0
842,=M01+S1-B11,M01,S1,B11,0,Unknown,0,0,0
852,=M01+S1-Y11,M01,S1,Y11,0,Unknown,0,0,0
860,=M01+K1.B1-K10,M01,K1.B1,K10,1,Unknown,0,0,0
862,=M01+K1.B1-K11,M01,K1.B1,K11,1,Unknown,0,0,0
866,=M01+K1.B1-K9,M01,K1.B1,K9,1,Unknown,0,0,0
872,=M01+S1-Y12,M01,S1,Y12,0,Unknown,0,0,0
882,=P01+K1.B1-X9,P01,K1.B1,X9,1,Unknown,0,0,0
907,=O01+K1.B1-V2,O01,K1.B1,V2,1,Unknown,0,0,0
908,=O01+K1.B1-W5(-P2),O01,K1.B1,W5(-P2),1,Unknown,0,0,0
909,=O01+K1.B1-A1,O01,K1.B1,A1,1,PLC,0,1,0
914,=A02+K1.B1-X20-X20.4F,A02,K1.B1,X20-X20.4F,1,Terminal,0,0,1
915,=O01+K1.B1-K4,O01,K1.B1,K4,1,Unknown,0,0,0
919,=O01+S1-X1,O01,S1,X1,0,Unknown,0,0,0
921,=P01+S11-D1.PCIe_X1_SLOT,P01,S11,D1.PCIe_X1_SLOT,0,Unknown,0,0,0
922,=O01+S1-U1,O01,S1,U1,0,Unknown,0,0,0
923,=O01+S1-W515,O01,S1,W515,0,Unknown,0,0,0
931,=O01+S1-M1,O01,S1,M1,0,Unknown,0,0,0
932,=O01+S1-X1.2,O01,S1,X1.2,0,Unknown,0,0,0
933,=A02+K1.B1-X20-X20.4M,A02,K1.B1,X20-X20.4M,1,Terminal,0,0,1
938,=O01+S1-X2,O01,S1,X2,0,Unknown,0,0,0
941,=O01+K1.B1-K1,O01,K1.B1,K1,1,Unknown,0,0,0
945,=O01+S1-X1.3,O01,S1,X1.3,0,Unknown,0,0,0
946,=O01+S1-E1-X6,O01,S1,E1-X6,0,Unknown,0,0,0
949,=O01+S1-X3,O01,S1,X3,0,Unknown,0,0,0
950,=O01+S1-E1(-X6),O01,S1,E1(-X6),0,Unknown,0,0,0
957,=O01+K1.B1-W5(-P1),O01,K1.B1,W5(-P1),1,Unknown,0,0,0
982,=A02+K1.B1-X21-X21.1F,A02,K1.B1,X21-X21.1F,1,Terminal,0,0,1
984,=Q01+K1.B1-A4,Q01,K1.B1,A4,1,PLC,0,1,0
989,=O01+K1.B1-A2,O01,K1.B1,A2,1,PLC,0,1,0
994,=O02+K1.G1-D2,O02,K1.G1,D2,1,Unknown,0,0,0
1000,=P01+K1.B1-A0.10,P01,K1.B1,A0.10,1,PLC,0,1,0
1002,=O02+K1.B1-X9,O02,K1.B1,X9,1,Unknown,0,0,0
1003,=O02+K1.G1-D2-X6,O02,K1.G1,D2-X6,1,Unknown,0,0,0
1013,=O02+S1-X1,O02,S1,X1,0,Unknown,0,0,0
1014,=O02+S1-H1,O02,S1,H1,0,Unknown,0,0,0
1023,=O02+K1.G1-D2-X2,O02,K1.G1,D2-X2,1,Unknown,0,0,0
1063,=O02+K1.G1-D2-X5,O02,K1.G1,D2-X5,1,Unknown,0,0,0
1073,=O02+K1.H1-A20-X4,O02,K1.H1,A20-X4,1,PLC,0,1,0
1074,=O02+K1-W312,O02,K1,W312,0,Unknown,0,0,0
1086,=A02+K1.H1-W10,A02,K1.H1,W10,1,Unknown,0,0,0
1087,=O02+K1.H1-A20-X1,O02,K1.H1,A20-X1,1,PLC,0,1,0
1090,=O02+K1.B1-O01-W5(-P2),O02,K1.B1,O01-W5(-P2),1,Unknown,0,0,0
1091,=O02+K1.H1-A20-X2,O02,K1.H1,A20-X2,1,PLC,0,1,0
1092,=O02+I1-W311,O02,I1,W311,0,Unknown,0,0,0
1093,=O02+S1-B4,O02,S1,B4,0,Unknown,0,0,0
1094,=+,,,,0,Unknown,0,0,0
1127,=O02+K1-W311,O02,K1,W311,0,Unknown,0,0,0
1139,=O02+K1.H1-A20-X3,O02,K1.H1,A20-X3,1,PLC,0,1,0
1162,=P01+K1.G2-X1,P01,K1.G2,X1,1,Unknown,0,0,0
1166,=P01+K1.G2-X2,P01,K1.G2,X2,1,Unknown,0,0,0
1169,=P01+K1.G2-P1,P01,K1.G2,P1,1,Unknown,0,0,0
1182,=P01+K1.H1-D2,P01,K1.H1,D2,1,Unknown,0,0,0
1183,=P01+K1.B1-V1,P01,K1.B1,V1,1,Unknown,0,0,0
1195,=P01+K1.H1-D2-LAN-A,P01,K1.H1,D2-LAN-A,1,Unknown,0,0,0
1205,=P01+K1.B1-A0.0,P01,K1.B1,A0.0,1,PLC,0,1,0
1215,=P01+K1.B1-A0,P01,K1.B1,A0,1,PLC,0,1,0
1218,=F01+K1.D2-X11,F01,K1.D2,X11,1,Unknown,0,0,0
1222,=P01+K1.B1-A0.2,P01,K1.B1,A0.2,1,PLC,0,1,0
1238,=Q01+K1.B1-X9,Q01,K1.B1,X9,1,Unknown,0,0,0
1243,=P01+K1.G2-X3,P01,K1.G2,X3,1,Unknown,0,0,0
1244,=P01+S1-A50,P01,S1,A50,0,PLC,0,1,0
1245,=P01+S1-A50-X1,P01,S1,A50-X1,0,PLC,0,1,0
1246,=P01+S1-A50-S6,P01,S1,A50-S6,0,PLC,0,1,0
1247,=P01+S1-A50-S1,P01,S1,A50-S1,0,PLC,0,1,0
1250,=P01+S1-A50-S2,P01,S1,A50-S2,0,PLC,0,1,0
1254,=P01+S1-A50-S3,P01,S1,A50-S3,0,PLC,0,1,0
1256,=P01+S1-A50-S4,P01,S1,A50-S4,0,PLC,0,1,0
1258,=P01+S1-A50-S5,P01,S1,A50-S5,0,PLC,0,1,0
1272,=Q01+K1.G1-G1,Q01,K1.G1,G1,1,Unknown,0,0,0
1273,=Q01+K1.B1-X20,Q01,K1.B1,X20,1,Terminal,0,0,1
1296,=Q01+S1-N1,Q01,S1,N1,0,Unknown,0,0,0
1302,=Q01+S1-N4,Q01,S1,N4,0,Unknown,0,0,0
1307,=Q01+I1-W104,Q01,I1,W104,0,Unknown,0,0,0
1310,=Q01+I1-W105,Q01,I1,W105,0,Unknown,0,0,0
1311,=Q01+S1-X100,Q01,S1,X100,0,Unknown,0,0,0
1314,=Q01+K1.B1-A1,Q01,K1.B1,A1,1,PLC,0,1,0
1325,=Q01+K1.B1-A10,Q01,K1.B1,A10,1,PLC,0,1,0
1329,=Q01+K1.B1-A11,Q01,K1.B1,A11,1,PLC,0,1,0
1337,=Q01+K1.B1-W5(-P2),Q01,K1.B1,W5(-P2),1,Unknown,0,0,0
1352,=Q01+K1.B1-W5(-P1),Q01,K1.B1,W5(-P1),1,Unknown,0,0,0
1387,=Q01+K1.D2-X1,Q01,K1.D2,X1,1,Unknown,0,0,0
1391,=Q01+K1.H2-Q2,Q01,K1.H2,Q2,1,Unknown,0,0,0
1402,=Q01+K1.D2-X2,Q01,K1.D2,X2,1,Unknown,0,0,0
1417,=Q01+S1-E1,Q01,S1,E1,0,Unknown,0,0,0
1428,=Q01+K1.B1-A7,Q01,K1.B1,A7,1,PLC,0,1,0
1433,=A02+K1.B1-X21-X21.1M,A02,K1.B1,X21-X21.1M,1,Terminal,0,0,1
1470,=Q01+S1-N1-X2,Q01,S1,N1-X2,0,Unknown,0,0,0
1471,=Q01+K1.B1-A3,Q01,K1.B1,A3,1,PLC,0,1,0
1487,=Q01+K1.B1-A2,Q01,K1.B1,A2,1,PLC,0,1,0
1501,=Q01+I1-W413,Q01,I1,W413,0,Unknown,0,0,0
1503,=Q01+K1-W413,Q01,K1,W413,0,Unknown,0,0,0
1505,=Q01+K1.H1-G2,Q01,K1.H1,G2,1,Unknown,0,0,0
1509,=Q01+K1.H2-Q3,Q01,K1.H2,Q3,1,Unknown,0,0,0
1536,=Q01+I1-W118,Q01,I1,W118,0,Unknown,0,0,0
1540,=Q01+K1.G1-N2,Q01,K1.G1,N2,1,Unknown,0,0,0
1559,=Q01+K1.B1-A5,Q01,K1.B1,A5,1,PLC,0,1,0
1585,=Q01+K1-W324,Q01,K1,W324,0,Unknown,0,0,0
1587,=Q01+K1.B1-A13,Q01,K1.B1,A13,1,PLC,0,1,0
1589,=Q01+K1.G2-X1,Q01,K1.G2,X1,1,Unknown,0,0,0
1614,=Q01+K1.B1-G4,Q01,K1.B1,G4,1,Unknown,0,0,0
1618,=Q01+K1.B1-A12,Q01,K1.B1,A12,1,PLC,0,1,0
1643,=Q01+K1.B1-A6,Q01,K1.B1,A6,1,PLC,0,1,0
1644,=Q01+K1.B1-K5,Q01,K1.B1,K5,1,Unknown,0,0,0
1646,=Q01+S1-X3,Q01,S1,X3,0,Unknown,0,0,0
1656,=Q01+K1.B1-K4,Q01,K1.B1,K4,1,Unknown,0,0,0
1669,=Q01+I1-W426,Q01,I1,W426,0,Unknown,0,0,0
1673,=Q01+S1-M1,Q01,S1,M1,0,Unknown,0,0,0
1687,=Q01+K1.B1-R1,Q01,K1.B1,R1,1,Unknown,0,0,0
1703,=Q01+S1-B1,Q01,S1,B1,0,Unknown,0,0,0
1723,=Q01+K1-W329,Q01,K1,W329,0,Unknown,0,0,0
1737,=Q01+S1-B10,Q01,S1,B10,0,Unknown,0,0,0
1762,=Q01+S1-E2,Q01,S1,E2,0,Unknown,0,0,0
1770,=Q01+I1-W353,Q01,I1,W353,0,Unknown,0,0,0
1771,=A02+K1.B1-X21-X21.3M,A02,K1.B1,X21-X21.3M,1,Terminal,0,0,1
1774,=A02+K1.B1-X21-X21.3F,A02,K1.B1,X21-X21.3F,1,Terminal,0,0,1
1810,=Q01+S1-N4-X2,Q01,S1,N4-X2,0,Unknown,0,0,0
1841,=Q01+I1-W454,Q01,I1,W454,0,Unknown,0,0,0
1843,=Q01+K1-W454,Q01,K1,W454,0,Unknown,0,0,0
1846,=Q01+I1-W159,Q01,I1,W159,0,Unknown,0,0,0
1855,=Q01+K1.G1-N5,Q01,K1.G1,N5,1,Unknown,0,0,0
1869,=Q01+K1.B1-A8,Q01,K1.B1,A8,1,PLC,0,1,0
1871,=Q01+K1-W461,Q01,K1,W461,0,Unknown,0,0,0
1883,=Q01+K1-W362,Q01,K1,W362,0,Unknown,0,0,0
1899,=Q01+K1.B1-A9,Q01,K1.B1,A9,1,PLC,0,1,0
1900,=Q01+K1.B1-K7,Q01,K1.B1,K7,1,Unknown,0,0,0
1901,=A02+K1.B1-X21-X21.4M,A02,K1.B1,X21-X21.4M,1,Terminal,0,0,1
1904,=A02+K1.B1-X21-X21.4F,A02,K1.B1,X21-X21.4F,1,Terminal,0,0,1
1911,=Q01+K1.B1-K6,Q01,K1.B1,K6,1,Unknown,0,0,0
1929,=Q01+S1-M2,Q01,S1,M2,0,Unknown,0,0,0
1944,=Q01+K1.B1-R11,Q01,K1.B1,R11,1,Unknown,0,0,0
1960,=Q01+S1-B2,Q01,S1,B2,0,Unknown,0,0,0
1979,=Q01+I1-W368,Q01,I1,W368,0,Unknown,0,0,0
1981,=Q01+I1-W330,Q01,I1,W330,0,Unknown,0,0,0
1983,=Q01+K1-W367,Q01,K1,W367,0,Unknown,0,0,0
1995,=Q01+S1-B11,Q01,S1,B11,0,Unknown,0,0,0
2009,=Q15+K1.B1-X20,Q15,K1.B1,X20,1,Terminal,0,0,1
2010,=Q15+K1.G1-G1,Q15,K1.G1,G1,1,Unknown,0,0,0
2024,=Q15+K1.B1-A2,Q15,K1.B1,A2,1,PLC,0,1,0
2026,=Q15+K1.B1-K1,Q15,K1.B1,K1,1,Unknown,0,0,0
2028,=Q15+K1.B1-R1,Q15,K1.B1,R1,1,Unknown,0,0,0
2029,=Q15+K1.B1-A21,Q15,K1.B1,A21,1,PLC,0,1,0
2033,=Q15+K1.B1-W5(-P1),Q15,K1.B1,W5(-P1),1,Unknown,0,0,0
2036,=Q15+K1.B1-A1,Q15,K1.B1,A1,1,PLC,0,1,0
2049,=Q15+K1-W411,Q15,K1,W411,0,Unknown,0,0,0
2057,=Q15+K1-W410,Q15,K1,W410,0,Unknown,0,0,0
2063,=Q15+K1.B1-W5(-P2),Q15,K1.B1,W5(-P2),1,Unknown,0,0,0
2065,=Q15+K1.B1-A3,Q15,K1.B1,A3,1,PLC,0,1,0
2069,=Q15+K1.B1-A4,Q15,K1.B1,A4,1,PLC,0,1,0
2080,=Q15+K1.G1-G2,Q15,K1.G1,G2,1,Unknown,0,0,0
2098,=Q15+K1.B1-K22,Q15,K1.B1,K22,1,Unknown,0,0,0
2103,=Q15+K1.B1-A22,Q15,K1.B1,A22,1,PLC,0,1,0
2108,=Q15+K1.B1-K2,Q15,K1.B1,K2,1,Unknown,0,0,0
2120,=Q15+K1-W421,Q15,K1,W421,0,Unknown,0,0,0
2139,=Q15+K1-W420,Q15,K1,W420,0,Unknown,0,0,0
2160,=Q15+K1.G1-G3,Q15,K1.G1,G3,1,Unknown,0,0,0
2178,=Q15+K1.B1-K23,Q15,K1.B1,K23,1,Unknown,0,0,0
2183,=Q15+K1.B1-A23,Q15,K1.B1,A23,1,PLC,0,1,0
2189,=Q15+K1.B1-K3,Q15,K1.B1,K3,1,Unknown,0,0,0
2200,=Q15+K1-W431,Q15,K1,W431,0,Unknown,0,0,0
2219,=Q15+K1-W430,Q15,K1,W430,0,Unknown,0,0,0
2223,=Q15+K1.B1-A5,Q15,K1.B1,A5,1,PLC,0,1,0
2227,=Q15+K1.B1-A6,Q15,K1.B1,A6,1,PLC,0,1,0
2240,=Q15+K1.G1-G4,Q15,K1.G1,G4,1,Unknown,0,0,0
2255,=A02+K1.B1-X21-X21.6M,A02,K1.B1,X21-X21.6M,1,Terminal,0,0,1
2256,=Q15+S1-A3,Q15,S1,A3,0,PLC,0,1,0
2257,=Q15+K1.B1-V2,Q15,K1.B1,V2,1,Unknown,0,0,0
2258,=A02+K1.B1-X21-X21.6F,A02,K1.B1,X21-X21.6F,1,Terminal,0,0,1
2269,=Q15+K1.B1-A24,Q15,K1.B1,A24,1,PLC,0,1,0
2272,=Q15+K1.B1-R4,Q15,K1.B1,R4,1,Unknown,0,0,0
2273,=Q15+K1.B1-K4,Q15,K1.B1,K4,1,Unknown,0,0,0
2317,=Q15+K1-W441,Q15,K1,W441,0,Unknown,0,0,0
2320,=Q15+K1.G1-G5,Q15,K1.G1,G5,1,Unknown,0,0,0
2321,=Q15+K1.H2-F15,Q15,K1.H2,F15,1,Unknown,0,0,0
2337,=Q15+K1.B1-A25,Q15,K1.B1,A25,1,PLC,0,1,0
2339,=Q15+K1.B1-U1,Q15,K1.B1,U1,1,Unknown,0,0,0
2365,=Q15+K1.B1-U2,Q15,K1.B1,U2,1,Unknown,0,0,0
2401,=Q15+K1.B1-A8,Q15,K1.B1,A8,1,PLC,0,1,0
2409,=Q15+K1.B1-A7,Q15,K1.B1,A7,1,PLC,0,1,0
2420,=Q15+S1-A2,Q15,S1,A2,0,PLC,0,1,0
2434,=Q15+K1.B1-X21,Q15,K1.B1,X21,1,Terminal,0,0,1
2439,=Q15+S1-A1-1,Q15,S1,A1-1,0,PLC,0,1,0
2443,=Q15+S1-A1-2,Q15,S1,A1-2,0,PLC,0,1,0
2445,=Q15+S1-A1-3,Q15,S1,A1-3,0,PLC,0,1,0
2447,=Q15+S1-A1-4,Q15,S1,A1-4,0,PLC,0,1,0
2451,=Q15+S1-A1-5,Q15,S1,A1-5,0,PLC,0,1,0
2458,=Q15+S1-A1-X1,Q15,S1,A1-X1,0,PLC,0,1,0
2463,=Q15+S1-A1,Q15,S1,A1,0,PLC,0,1,0
2464,=Q15+S1-A1-K1,Q15,S1,A1-K1,0,PLC,0,1,0
2466,=Q15+S1-A1-C1,Q15,S1,A1-C1,0,PLC,0,1,0
2472,=Q15+S1-A1-L1,Q15,S1,A1-L1,0,PLC,0,1,0
2474,=Q15+S1-A1-0,Q15,S1,A1-0,0,PLC,0,1,0
2477,=Q15+S1-A1-C2,Q15,S1,A1-C2,0,PLC,0,1,0
2484,=Q15+S1-A1-L2,Q15,S1,A1-L2,0,PLC,0,1,0
2489,=Q15+S1-A1-L3,Q15,S1,A1-L3,0,PLC,0,1,0
2492,=Q15+S1-A1-C4,Q15,S1,A1-C4,0,PLC,0,1,0
2496,=Q15+S1-A1-C3,Q15,S1,A1-C3,0,PLC,0,1,0
2511,=Q15+S1-Y1,Q15,S1,Y1,0,Unknown,0,0,0
2523,=S02+K1.H2-Q1,S02,K1.H2,Q1,1,Unknown,0,0,0
2524,=S02+K1.H1-V1.1,S02,K1.H1,V1.1,1,Unknown,0,0,0
2528,=S02+K1.H1-V1.2,S02,K1.H1,V1.2,1,Unknown,0,0,0
2532,=S02+K1.H1-V1.3,S02,K1.H1,V1.3,1,Unknown,0,0,0
2535,=S02+K1.H2-Q2,S02,K1.H2,Q2,1,Unknown,0,0,0
2536,=S02+K1.H1-V2.1,S02,K1.H1,V2.1,1,Unknown,0,0,0
2540,=S02+K1.H1-V2.2,S02,K1.H1,V2.2,1,Unknown,0,0,0
2544,=S02+K1.H1-V2.3,S02,K1.H1,V2.3,1,Unknown,0,0,0
2548,=S02+K1.B1-A1,S02,K1.B1,A1,1,PLC,0,1,0
2549,=S02+K1.B1-W5(-P1),S02,K1.B1,W5(-P1),1,Unknown,0,0,0
2558,=S02+K1.B1-W5(-P2),S02,K1.B1,W5(-P2),1,Unknown,0,0,0
2570,=S02+K1.H1-F1.3,S02,K1.H1,F1.3,1,Unknown,0,0,0
2579,=S02+S1-E1.13,S02,S1,E1.13,0,Unknown,0,0,0
2580,=S02+S1-E1.1,S02,S1,E1.1,0,Unknown,0,0,0
2583,=S02+K1.D2-X11,S02,K1.D2,X11,1,Unknown,0,0,0
2587,=S02+K1.H1-F1.1,S02,K1.H1,F1.1,1,Unknown,0,0,0
2591,=S02+S1-E1.12,S02,S1,E1.12,0,Unknown,0,0,0
2600,=S02+K1.H1-F1.2,S02,K1.H1,F1.2,1,Unknown,0,0,0
2602,=S02+K1.D2-X12,S02,K1.D2,X12,1,Unknown,0,0,0
2608,=S02+K1.D2-X13,S02,K1.D2,X13,1,Unknown,0,0,0
2622,=S02+K1.D2-X21,S02,K1.D2,X21,1,Terminal,0,0,1
2627,=S02+S1-E1.11,S02,S1,E1.11,0,Unknown,0,0,0
2628,=S02+S1-E2.1,S02,S1,E2.1,0,Unknown,0,0,0
2639,=S02+S1-E1.23,S02,S1,E1.23,0,Unknown,0,0,0
2640,=S02+S1-E1.2,S02,S1,E1.2,0,Unknown,0,0,0
2647,=S02+S1-E1.22,S02,S1,E1.22,0,Unknown,0,0,0
2657,=S02+S1-E1.21,S02,S1,E1.21,0,Unknown,0,0,0
2695,=S02+S1-E1.33,S02,S1,E1.33,0,Unknown,0,0,0
2696,=S02+S1-E1.3,S02,S1,E1.3,0,Unknown,0,0,0
2703,=S02+S1-E1.32,S02,S1,E1.32,0,Unknown,0,0,0
2711,=S02+S1-E1.31,S02,S1,E1.31,0,Unknown,0,0,0
2756,=S02+K1.H1-F2.1,S02,K1.H1,F2.1,1,Unknown,0,0,0
2758,=S02+K1.H1-F2.2,S02,K1.H1,F2.2,1,Unknown,0,0,0
2773,=S02+S1-E2.11,S02,S1,E2.11,0,Unknown,0,0,0
2785,=S02+S1-E2.12,S02,S1,E2.12,0,Unknown,0,0,0
2796,=S02+K1.D2-X22,S02,K1.D2,X22,1,Terminal,0,0,1
2827,=S02+S1-E2.21,S02,S1,E2.21,0,Unknown,0,0,0
2828,=S02+S1-E2.2,S02,S1,E2.2,0,Unknown,0,0,0
2845,=S02+S1-E2.31,S02,S1,E2.31,0,Unknown,0,0,0
2846,=S02+S1-E2.3,S02,S1,E2.3,0,Unknown,0,0,0
2869,=S02+S1-E3.11,S02,S1,E3.11,0,Unknown,0,0,0
2870,=S02+S1-E3.1,S02,S1,E3.1,0,Unknown,0,0,0
2873,=S02+K1.D2-X31,S02,K1.D2,X31,1,Unknown,0,0,0
2877,=S02+K1.H1-F2.3,S02,K1.H1,F2.3,1,Unknown,0,0,0
2899,=S02+S1-E3.21,S02,S1,E3.21,0,Unknown,0,0,0
2900,=S02+S1-E3.2,S02,S1,E3.2,0,Unknown,0,0,0
2921,=S02+S1-B1,S02,S1,B1,0,Unknown,0,0,0
2922,=V01+K1.B1-A8,V01,K1.B1,A8,1,PLC,0,1,0
2925,=S02+S1-B2,S02,S1,B2,0,Unknown,0,0,0
2933,=V01+K1.D2-X11,V01,K1.D2,X11,1,Unknown,0,0,0
2936,=V01+S2-M1.1,V01,S2,M1.1,0,Unknown,0,0,0
2937,=V01+K1.H1-K1,V01,K1.H1,K1,1,Unknown,0,0,0
2939,=V01+K1.H2-Q1,V01,K1.H2,Q1,1,Unknown,0,0,0
2970,=V01+K1.B1-W5(-P2),V01,K1.B1,W5(-P2),1,Unknown,0,0,0
2977,=V01+K1.B1-W5(-P1),V01,K1.B1,W5(-P1),1,Unknown,0,0,0
2979,=V01+K1.D2-X12,V01,K1.D2,X12,1,Unknown,0,0,0
2982,=V01+S2-M2.1,V01,S2,M2.1,0,Unknown,0,0,0
2983,=V01+K1.H2-Q2,V01,K1.H2,Q2,1,Unknown,0,0,0
3013,=V01+K1.B1-K50,V01,K1.B1,K50,1,Unknown,0,0,0
3015,=V01+K1.H2-F1,V01,K1.H2,F1,1,Unknown,0,0,0
3025,=A02+K1.B1-X22-X22.3M,A02,K1.B1,X22-X22.3M,1,Terminal,0,0,1
3031,=V01+K1.B1-K51,V01,K1.B1,K51,1,Unknown,0,0,0
3041,=V01+K1.B1-K53,V01,K1.B1,K53,1,Unknown,0,0,0
3067,=V01+K1.D2-X17,V01,K1.D2,X17,1,Unknown,0,0,0
3070,=V01+S4-M1.11,V01,S4,M1.11,0,Unknown,0,0,0
3071,=V01+K1.H2-F3.1,V01,K1.H2,F3.1,1,Unknown,0,0,0
3087,=V01+S1-Y6.11,V01,S1,Y6.11,0,Unknown,0,0,0
3092,=V01+S4-M1.12,V01,S4,M1.12,0,Unknown,0,0,0
3093,=V01+K1.H2-F3.2,V01,K1.H2,F3.2,1,Unknown,0,0,0
3109,=V01+S1-Y6.12,V01,S1,Y6.12,0,Unknown,0,0,0
3111,=V01+K1.D2-X18,V01,K1.D2,X18,1,Unknown,0,0,0
3114,=V01+S4-M1.13,V01,S4,M1.13,0,Unknown,0,0,0
3115,=V01+K1.H2-F3.3,V01,K1.H2,F3.3,1,Unknown,0,0,0
3131,=V01+S1-Y6.13,V01,S1,Y6.13,0,Unknown,0,0,0
3133,=V01+K1.B1-A13,V01,K1.B1,A13,1,PLC,0,1,0
3151,=A02+K1.B1-X22-X22.1F,A02,K1.B1,X22-X22.1F,1,Terminal,0,0,1
3152,=V01+K1.B1-W6(-P1),V01,K1.B1,W6(-P1),1,Unknown,0,0,0
3153,=V01+S1-B10,V01,S1,B10,0,Unknown,0,0,0
3154,=A02+K1.B1-X22-X22.1M,A02,K1.B1,X22-X22.1M,1,Terminal,0,0,1
3160,=V01+K1.B1-W6(-P2),V01,K1.B1,W6(-P2),1,Unknown,0,0,0
3165,=V01+S1-B11,V01,S1,B11,0,Unknown,0,0,0
3175,=A02+K1.B1-X22-X21.1F,A02,K1.B1,X22-X21.1F,1,Terminal,0,0,1
3177,=V01+S1-B12,V01,S1,B12,0,Unknown,0,0,0
3178,=A02+K1.B1-X22-X21.1M,A02,K1.B1,X22-X21.1M,1,Terminal,0,0,1
3180,=V01+K1.B1-A5,V01,K1.B1,A5,1,PLC,0,1,0
3187,=V01+K1.D2-X16,V01,K1.D2,X16,1,Unknown,0,0,0
3190,=V01+S3-M4.2,V01,S3,M4.2,0,Unknown,0,0,0
3191,=V01+K1.H2-Q4,V01,K1.H2,Q4,1,Unknown,0,0,0
3218,=V01+S1-B3,V01,S1,B3,0,Unknown,0,0,0
3223,=V01+K1.B1-K4,V01,K1.B1,K4,1,Unknown,0,0,0
3235,=V01+K1.B1-K5,V01,K1.B1,K5,1,Unknown,0,0,0
3238,=V01+K1.B1-K6,V01,K1.B1,K6,1,Unknown,0,0,0
3240,=V01+K1.B1-K7,V01,K1.B1,K7,1,Unknown,0,0,0
3245,=V01+K1.B1-A2,V01,K1.B1,A2,1,PLC,0,1,0
3258,=V01+K1.B1-K8,V01,K1.B1,K8,1,Unknown,0,0,0
3275,=V01+I1-W221,V01,I1,W221,0,Unknown,0,0,0
3281,=A02+K1.B1-X22-X22.2M,A02,K1.B1,X22-X22.2M,1,Terminal,0,0,1
3282,=V01+S1-B1.1,V01,S1,B1.1,0,Unknown,0,0,0
3288,=V01+K1.B1-A6,V01,K1.B1,A6,1,PLC,0,1,0
3295,=V01+K1-W440,V01,K1,W440,0,Unknown,0,0,0
3310,=V01+S1-B2.1,V01,S1,B2.1,0,Unknown,0,0,0
3323,=V01+K1-W442.1,V01,K1,W442.1,0,Unknown,0,0,0
3330,=V01+S1-B2.2,V01,S1,B2.2,0,Unknown,0,0,0
3343,=V01+K1-W442.2,V01,K1,W442.2,0,Unknown,0,0,0
3350,=V01+S1-B2.3,V01,S1,B2.3,0,Unknown,0,0,0
3363,=V01+K1-W442.3,V01,K1,W442.3,0,Unknown,0,0,0
3370,=V01+S1-B3.1,V01,S1,B3.1,0,Unknown,0,0,0
3376,=V01+K1.B1-A7,V01,K1.B1,A7,1,PLC,0,1,0
3383,=V01+K1-W444,V01,K1,W444,0,Unknown,0,0,0
3398,=V01+S1-B3.2,V01,S1,B3.2,0,Unknown,0,0,0
3411,=V01+S1-B5.2,V01,S1,B5.2,0,Unknown,0,0,0
3419,=V01+K1.B1-K35,V01,K1.B1,K35,1,Unknown,0,0,0
3425,=V01+K1.B1-K36,V01,K1.B1,K36,1,Unknown,0,0,0
3431,=V01+K1.B1-K37,V01,K1.B1,K37,1,Unknown,0,0,0
3441,=V01+K1.B1-K38,V01,K1.B1,K38,1,Unknown,0,0,0
3447,=V01+K1.B1-K39,V01,K1.B1,K39,1,Unknown,0,0,0
3457,=V01+I1-W447,V01,I1,W447,0,Unknown,0,0,0
3479,=A02+K1.B1-X22-X22.6F,A02,K1.B1,X22-X22.6F,1,Terminal,0,0,1
3481,=V01+S1-Y6.7,V01,S1,Y6.7,0,Unknown,0,0,0
3482,=A02+K1.B1-X22-X22.6M,A02,K1.B1,X22-X22.6M,1,Terminal,0,0,1
3489,=A02+K1.B1-X22-X22.4F,A02,K1.B1,X22-X22.4F,1,Terminal,0,0,1
3491,=V01+S1-Y1.11,V01,S1,Y1.11,0,Unknown,0,0,0
3492,=A02+K1.B1-X22-X22.4M,A02,K1.B1,X22-X22.4M,1,Terminal,0,0,1
3500,=V01+K1.B1-A4,V01,K1.B1,A4,1,PLC,0,1,0
3501,=V01+S1-S2.1,V01,S1,S2.1,0,Unknown,0,0,0
3509,=V01+S1-S3.1,V01,S1,S3.1,0,Unknown,0,0,0
3517,=V01+S1-Y1.12,V01,S1,Y1.12,0,Unknown,0,0,0
3527,=V01+S1-S2.2,V01,S1,S2.2,0,Unknown,0,0,0
3535,=V01+S1-S3.2,V01,S1,S3.2,0,Unknown,0,0,0
3543,=V01+S1-Y1.13,V01,S1,Y1.13,0,Unknown,0,0,0
3553,=V01+S1-S2.3,V01,S1,S2.3,0,Unknown,0,0,0
3561,=V01+S1-S3.3,V01,S1,S3.3,0,Unknown,0,0,0
3569,=V01+S1-Y2.11,V01,S1,Y2.11,0,Unknown,0,0,0
3577,=A02+K1.B1-X22-X22.5F,A02,K1.B1,X22-X22.5F,1,Terminal,0,0,1
3580,=A02+K1.B1-X22-X22.5M,A02,K1.B1,X22-X22.5M,1,Terminal,0,0,1
3595,=V01+S1-Y2.12,V01,S1,Y2.12,0,Unknown,0,0,0
3621,=V01+S1-Y2.13,V01,S1,Y2.13,0,Unknown,0,0,0
3647,=V01+S1-Y3.11,V01,S1,Y3.11,0,Unknown,0,0,0
3673,=V01+S1-Y3.12,V01,S1,Y3.12,0,Unknown,0,0,0
3699,=V01+S1-Y4.11,V01,S1,Y4.11,0,Unknown,0,0,0
3711,=V01+S1-Y4.12,V01,S1,Y4.12,0,Unknown,0,0,0
3723,=V01+S1-Y4.51,V01,S1,Y4.51,0,Unknown,0,0,0
3757,=V01+K1.B1-A1.1,V01,K1.B1,A1.1,1,PLC,0,1,0
3761,=V01+K1.B1-A2.1,V01,K1.B1,A2.1,1,PLC,0,1,0
3765,=V01+K1.B1-A5.1,V01,K1.B1,A5.1,1,PLC,0,1,0
